Player,Pos,Squad,90s,Tackles,Tackles,Tackles,Tackles,Tackles,Vs Dribbles,Vs Dribbles,Vs Dribbles,Vs Dribbles,Pressures,Pressures,Pressures,Pressures,Pressures,Pressures,Blocks,Blocks,Blocks,Blocks,,,,
Player,Pos,Squad,90s,Tkl,TklW,Def 3rd,Mid 3rd,Att 3rd,Tkl,Att,Tkl%,Past,Press,Succ,%,Def 3rd,Mid 3rd,Att 3rd,Blocks,Sh,ShSv,Pass,Int,Tkl+Int,Clr,Err
Brenden Aaronson,FWMF,Leeds United,2.8,6,3,1,3,2,2,11,18.2,9,72,24,33.3,13,28,31,6,0,0,6,0,6,0,0
Che Adams,FW,Southampton,1.4,2,1,0,0,2,0,0,,0,15,2,13.3,2,7,6,3,0,0,3,0,2,1,0
Tyler Adams,MF,Leeds United,3,13,6,6,6,1,9,13,69.2,4,66,18,27.3,24,31,11,9,2,0,7,4,17,3,0
Tosin Adarabioyo,DF,Fulham,3,4,3,4,0,0,0,0,,0,11,2,18.2,8,3,0,2,1,0,1,6,10,20,1
Rayan Aït Nouri,DF,Wolves,2.8,8,3,8,0,0,2,4,50,2,54,18,33.3,23,24,7,5,0,0,5,4,12,8,0
Nathan Aké,DF,Manchester City,2.2,2,2,1,1,0,1,1,100,0,10,5,50,4,6,0,4,2,0,2,2,4,7,0
Thiago Alcántara,MF,Liverpool,0.6,0,0,0,0,0,0,1,0,1,7,2,28.6,2,5,0,1,0,0,1,1,1,0,0
Trent Alexander-Arnold,DF,Liverpool,3,7,3,5,0,2,3,6,50,3,36,14,38.9,8,17,11,2,0,0,2,3,10,4,0
Alisson,GK,Liverpool,3,0,0,0,0,0,0,0,,0,1,1,100,1,0,0,1,0,0,1,0,0,0,0
Dele Alli,FWMF,Everton,0.4,0,0,0,0,0,0,0,,0,16,4,25,0,7,9,0,0,0,0,0,0,0,0
Miguel Almirón,FW,Newcastle Utd,2.8,7,3,3,2,2,2,3,66.7,1,54,16,29.6,7,17,30,2,1,0,1,4,11,3,0
Julián Álvarez,FW,Manchester City,0.3,0,0,0,0,0,0,1,0,1,12,1,8.3,0,3,9,0,0,0,0,0,0,0,0
Daniel Amartey,DF,Leicester City,2.7,5,2,2,2,1,3,3,100,0,12,3,25,7,4,1,4,1,0,3,1,6,10,0
Joachim Andersen,DF,Crystal Palace,3,7,2,5,2,0,2,4,50,2,28,12,42.9,18,10,0,6,5,0,1,3,10,21,0
Jaidon Anthony,FW,Bournemouth,0.5,3,1,1,2,0,1,3,33.3,2,7,1,14.3,1,3,3,0,0,0,0,1,4,0,0
Michail Antonio,FW,West Ham,2.2,1,1,1,0,0,0,1,0,1,33,9,27.3,4,9,20,3,0,0,3,0,1,0,0
Cameron Archer,MF,Aston Villa,0.1,0,0,0,0,0,0,0,,0,5,3,60,1,1,3,0,0,0,0,0,0,0,0
Alphonse Areola,GK,West Ham,0.7,0,0,0,0,0,0,0,,0,0,0,,0,0,0,0,0,0,0,0,0,0,0
Joe Aribo,FWMF,Southampton,2.3,6,4,2,4,0,1,3,33.3,2,34,13,38.2,5,19,10,1,0,0,1,2,8,1,0
Adam Armstrong,FWMF,Southampton,1.6,1,1,1,0,0,0,0,,0,22,11,50,3,12,7,0,0,0,0,0,1,1,0
Stuart Armstrong,MFFW,Southampton,1.4,1,1,1,0,0,0,5,0,5,14,5,35.7,5,4,5,2,0,0,2,1,2,0,0
Taiwo Awoniyi,FW,Nott'ham Forest,1.8,2,2,0,2,0,1,2,50,1,19,6,31.6,4,8,7,0,0,0,0,1,3,3,0
Jordan Ayew,FW,Crystal Palace,2.5,8,6,3,2,3,3,7,42.9,4,72,15,20.8,11,28,33,2,0,0,2,3,11,3,0
César Azpilicueta,DF,Chelsea,1.2,4,0,2,2,0,0,2,0,2,14,4,28.6,8,5,1,2,0,0,2,1,5,3,0
Leon Bailey,FW,Aston Villa,1.9,2,2,1,0,1,0,0,,0,32,11,34.4,4,15,13,3,0,0,3,1,3,1,0
Patrick Bamford,FW,Leeds United,1.2,0,0,0,0,0,0,3,0,3,24,10,41.7,3,7,14,0,0,0,0,0,0,2,0
Shandon Baptiste,MF,Brentford,0.6,3,1,2,0,1,2,3,66.7,1,19,5,26.3,6,9,4,1,1,0,0,2,5,3,0
Harvey Barnes,MFFW,Leicester City,0.8,0,0,0,0,0,0,1,0,1,9,2,22.2,3,3,3,0,0,0,0,0,0,1,0
Gavin Bazunu,GK,Southampton,3,0,0,0,0,0,0,0,,0,0,0,,0,0,0,0,0,0,0,0,0,0,0
Mads Bech Sørensen,DF,Brentford,0.2,0,0,0,0,0,0,0,,0,1,0,0,0,1,0,0,0,0,0,0,0,3,0
Jan Bednarek,DF,Southampton,1.8,2,2,1,1,0,0,0,,0,8,3,37.5,6,2,0,4,2,0,2,2,4,6,0
Donny van de Beek,MF,Manchester Utd,0.2,0,0,0,0,0,0,1,0,1,7,1,14.3,2,3,2,0,0,0,0,0,0,0,0
Armel Bella Kotchap,DF,Southampton,2,2,1,2,0,0,0,0,,0,18,6,33.3,16,1,1,2,1,0,1,5,7,13,0
Saïd Benrahma,FWMF,West Ham,2.2,1,1,1,0,0,0,0,,0,28,9,32.1,7,16,5,3,1,0,2,0,1,2,0
Rodrigo Bentancur,MF,Tottenham,2.8,10,6,5,3,2,4,9,44.4,5,60,12,20,20,29,11,6,5,0,1,7,17,5,0
Philip Billing,MFFW,Bournemouth,2,6,3,5,1,0,2,6,33.3,4,45,11,24.4,20,20,5,7,3,0,4,3,9,3,0
Yves Bissouma,MF,Tottenham,0.2,1,1,1,0,0,0,2,0,2,7,2,28.6,3,3,1,1,1,0,0,0,1,0,0
Sven Botman,DF,Newcastle Utd,2,1,1,0,1,0,0,0,,0,8,5,62.5,4,4,0,3,1,0,2,0,1,14,1
Jarrod Bowen,FWMF,West Ham,2.9,4,3,1,1,2,2,7,28.6,5,45,11,24.4,12,17,16,5,3,0,2,3,7,2,0
Armando Broja,FW,Chelsea,0.2,0,0,0,0,0,0,0,,0,10,5,50,0,3,7,3,0,0,3,0,0,0,0
Emi Buendía,FWMF,Aston Villa,1.6,2,1,1,1,0,0,2,0,2,17,5,29.4,6,7,4,1,0,0,1,0,2,0,0
Dan Burn,DF,Newcastle Utd,3,8,3,4,2,2,3,4,75,1,25,8,32,12,9,4,4,2,0,2,4,12,13,0
Cafú,MF,Nott'ham Forest,0.1,0,0,0,0,0,0,0,,0,1,0,0,0,1,0,0,0,0,0,0,0,1,0
Moisés Caicedo,MF,Brighton,3,10,7,5,5,0,1,2,50,1,43,16,37.2,18,22,3,3,1,0,2,3,13,9,0
Tom Cairney,MF,Fulham,0.2,2,0,1,1,0,2,3,66.7,1,8,7,87.5,3,3,2,2,0,0,2,1,3,0,0
Chem Campbell,FW,Wolves,0.1,0,0,0,0,0,0,0,,0,2,0,0,0,1,1,0,0,0,0,0,0,0,0
João Cancelo,DF,Manchester City,3,5,5,1,2,2,0,2,0,2,19,7,36.8,4,10,5,4,1,0,3,6,11,3,0
Diego Carlos,DF,Aston Villa,2,2,1,1,1,0,0,0,,0,16,5,31.3,12,3,1,2,2,0,0,3,5,7,0
Fabio Carvalho,FWMF,Liverpool,0.5,0,0,0,0,0,0,0,,0,15,5,33.3,5,6,4,0,0,0,0,1,1,0,0
Matty Cash,DF,Aston Villa,3,8,4,3,3,2,4,8,50,4,32,12,37.5,16,13,3,4,1,0,3,4,12,5,0
Timothy Castagne,DF,Leicester City,3,3,2,1,2,0,1,1,100,0,20,5,25,7,7,6,4,1,0,3,3,6,5,0
Jonny Castro,DF,Wolves,2.9,8,3,4,4,0,3,5,60,2,33,6,18.2,15,14,4,4,0,0,4,5,13,10,0
Calum Chambers,DF,Aston Villa,0,0,0,0,0,0,0,0,,0,1,0,0,1,0,0,2,2,0,0,1,1,0,0
Ben Chilwell,DF,Chelsea,0.9,0,0,0,0,0,0,1,0,1,9,2,22.2,5,2,2,1,0,0,1,0,0,1,0
Ryan Christie,MFFW,Bournemouth,1,0,0,0,0,0,0,3,0,3,29,3,10.3,10,13,6,1,1,0,0,1,1,1,0
Nathaniel Clyne,DF,Crystal Palace,2,3,1,2,0,1,0,0,,0,19,2,10.5,8,10,1,4,1,0,3,2,5,2,0
Conor Coady,DF,Everton,1.9,3,3,2,1,0,1,2,50,1,6,3,50,4,2,0,5,5,0,0,1,4,18,0
Jack Colback,MF,Nott'ham Forest,1,6,5,3,3,0,1,1,100,0,27,7,25.9,14,11,2,0,0,0,0,1,7,1,0
Nathan Collins,DF,Wolves,3,2,1,1,1,0,1,4,25,3,14,7,50,5,8,1,3,1,0,2,4,6,8,0
Levi Colwill,DF,Brighton,0,0,0,0,0,0,0,0,,0,0,0,,0,0,0,0,0,0,0,0,0,0,0
Lewis Cook,MF,Bournemouth,1.4,5,3,1,2,2,2,3,66.7,1,25,6,24,12,11,2,5,1,0,4,4,9,0,0
Steve Cook,DF,Nott'ham Forest,1.1,3,1,3,0,0,2,2,100,0,7,4,57.1,5,2,0,1,1,0,0,1,4,10,0
Maxwel Cornet,FW,West Ham,0.2,0,0,0,0,0,0,0,,0,4,0,0,2,0,2,0,0,0,0,0,0,0,0
Vladimír Coufal,DF,West Ham,2.8,4,2,4,0,0,2,4,50,2,27,6,22.2,14,6,7,2,1,0,1,8,12,5,0
Philippe Coutinho,MFFW,Aston Villa,1.7,1,1,1,0,0,1,4,25,3,28,5,17.9,4,17,7,3,0,0,3,1,2,2,0
Conor Coventry,MF,West Ham,0,0,0,0,0,0,0,0,,0,1,0,0,0,1,0,0,0,0,0,0,0,0,0
Aaron Cresswell,DF,West Ham,3,1,0,0,1,0,1,3,33.3,2,19,4,21.1,11,5,3,3,0,0,3,4,5,8,0
Marc Cucurella,DF,Chelsea,2.2,3,3,1,1,1,1,2,50,1,21,10,47.6,7,8,6,4,0,0,4,7,10,2,0
Patson Daka,FW,Leicester City,0.8,2,1,0,1,1,0,1,0,1,26,8,30.8,3,11,12,1,1,0,0,2,4,1,0
Diogo Dalot,DF,Manchester Utd,2.9,7,3,6,1,0,1,4,25,3,25,7,28,13,10,2,3,1,0,2,4,11,9,1
Josh Dasilva,MF,Brentford,1.8,1,0,1,0,0,0,1,0,1,24,7,29.2,5,15,4,4,1,0,3,1,2,1,0
Ben Davies,DF,Tottenham,2.9,6,3,3,3,0,2,5,40,3,25,7,28,11,10,4,4,1,0,3,4,10,21,0
Tom Davies,MF,Everton,1.2,3,3,2,1,0,1,2,50,1,16,6,37.5,8,6,2,0,0,0,0,5,8,4,0
Kevin De Bruyne,MF,Manchester City,3,2,1,1,0,1,0,0,,0,22,11,50,4,8,10,2,0,0,2,0,2,1,0
Leander Dendoncker,MF,Wolves,2.4,4,4,1,1,2,3,6,50,3,25,8,32,6,15,4,4,0,0,4,8,12,2,0
Halil Dervişoğlu,MF,Brentford,0.1,0,0,0,0,0,0,0,,0,4,1,25,0,3,1,0,0,0,0,0,0,0,0
Kiernan Dewsbury-Hall,MF,Leicester City,2.8,6,1,2,4,0,3,6,50,3,37,10,27,9,24,4,2,0,0,2,4,10,4,0
Ibrahima Diallo,MF,Southampton,0.2,0,0,0,0,0,0,0,,0,5,1,20,0,4,1,1,0,0,1,1,1,0,0
Rúben Dias,DF,Manchester City,2.5,1,1,0,1,0,0,0,,0,9,4,44.4,1,6,2,4,3,0,1,2,3,13,0
Luis Díaz,FW,Liverpool,2.9,8,6,1,6,1,2,4,50,2,43,25,58.1,4,22,17,2,0,0,2,4,12,0,0
Eric Dier,DF,Tottenham,3,3,1,2,1,0,2,5,40,3,22,7,31.8,15,7,0,3,2,0,1,8,11,18,0
Lucas Digne,DF,Aston Villa,3,4,3,4,0,0,2,5,40,3,28,10,35.7,19,6,3,6,2,0,4,3,7,8,0
Moussa Djenepo,DF,Southampton,2.8,8,6,5,3,0,3,8,37.5,5,40,15,37.5,17,14,9,6,1,0,5,10,18,5,0
Matt Doherty,DF,Tottenham,0,0,0,0,0,0,0,0,,0,0,0,,0,0,0,1,1,0,0,0,0,0,0
Gabriel Dos Santos,DF,Arsenal,3,4,3,3,1,0,1,2,50,1,16,7,43.8,8,6,2,7,2,0,5,2,6,17,0
Abdoulaye Doucouré,MF,Everton,1.4,5,4,1,3,1,1,3,33.3,2,33,16,48.5,18,11,4,3,0,0,3,0,5,1,0
Cheick Doucouré,MF,Crystal Palace,2.7,7,7,4,2,1,1,7,14.3,6,34,13,38.2,18,16,0,2,1,0,1,9,16,0,0
Flynn Downes,MF,West Ham,0,0,0,0,0,0,0,0,,0,3,0,0,0,3,0,0,0,0,0,0,0,0,0
Shane Duffy,DFFW,Fulham,0,0,0,0,0,0,0,0,,0,0,0,,0,0,0,0,0,0,0,0,0,1,0
Lewis Dunk,DF,Brighton,3,1,1,1,0,0,1,1,100,0,12,8,66.7,7,5,0,7,4,0,3,6,7,19,0
Malcolm Ebiowei,FW,Crystal Palace,0.1,0,0,0,0,0,0,0,,0,1,0,0,0,0,1,0,0,0,0,0,0,0,0
Ederson,GK,Manchester City,3,0,0,0,0,0,0,0,,0,0,0,,0,0,0,0,0,0,0,0,0,0,0
Odsonne Édouard,FW,Crystal Palace,1.7,3,2,2,1,0,1,1,100,0,43,7,16.3,4,23,16,3,0,0,3,0,3,3,0
Anthony Elanga,FW,Manchester Utd,0.9,1,0,0,1,0,0,0,,0,10,3,30,4,4,2,1,0,0,1,0,1,0,0
Harvey Elliott,MF,Liverpool,2.3,4,4,1,1,2,2,9,22.2,7,32,12,37.5,8,9,15,5,0,0,5,2,6,0,0
Mohamed Elyounoussi,MFFW,Southampton,1.7,2,1,1,1,0,0,1,0,1,18,5,27.8,1,12,5,2,0,0,2,0,2,3,0
Emerson,DF,Tottenham,2.9,7,5,6,1,0,4,6,66.7,2,53,16,30.2,23,19,11,10,1,0,9,5,12,8,0
Christian Eriksen,MFFW,Manchester Utd,2.9,2,2,2,0,0,1,1,100,0,20,9,45,8,9,3,8,2,0,6,2,4,2,1
Pervis Estupiñán,DF,Brighton,0.3,0,0,0,0,0,0,0,,0,6,1,16.7,1,5,0,1,0,0,1,0,0,1,0
Jonny Evans,DF,Leicester City,3,1,0,1,0,0,0,2,0,2,9,2,22.2,9,0,0,2,2,0,0,3,4,11,0
Eberechi Eze,MFFW,Crystal Palace,2.8,3,2,2,1,0,0,0,,0,40,15,37.5,11,19,10,5,0,0,5,3,6,0,0
Łukasz Fabiański,GK,West Ham,2.3,0,0,0,0,0,0,0,,0,0,0,,0,0,0,0,0,0,0,0,0,0,0
Fabinho,MF,Liverpool,2,6,3,0,6,0,2,4,50,2,25,11,44,5,15,5,4,1,0,3,2,8,1,0
Bruno Fernandes,MF,Manchester Utd,3,3,2,1,1,1,0,2,0,2,39,8,20.5,8,18,13,4,0,0,4,5,8,7,0
Roberto Firmino,FW,Liverpool,1.6,4,3,0,3,1,0,1,0,1,21,13,61.9,5,10,6,3,1,0,2,0,4,1,0
Phil Foden,FW,Manchester City,2.5,1,1,1,0,0,0,0,,0,38,13,34.2,7,12,19,4,1,0,3,3,4,0,0
Wesley Fofana,DF,Leicester City,2,5,5,3,2,0,0,1,0,1,27,11,40.7,18,9,0,3,2,0,1,6,11,8,0
Pablo Fornals,MFFW,West Ham,2.4,2,1,0,0,2,0,3,0,3,52,7,13.5,15,30,7,1,0,0,1,6,8,1,0
Adam Forshaw,MF,Leeds United,0.4,0,0,0,0,0,0,2,0,2,6,1,16.7,1,4,1,3,0,0,3,0,0,0,0
Tyrese Francois,FW,Fulham,0,0,0,0,0,0,0,0,,0,4,1,25,2,1,1,0,0,0,0,0,0,1,0
Ryan Fraser,FW,Newcastle Utd,0.1,0,0,0,0,0,0,0,,0,3,1,33.3,0,1,2,0,0,0,0,0,0,0,0
Fred,MF,Manchester Utd,1.3,5,3,2,2,1,0,1,0,1,30,12,40,18,10,2,4,1,0,3,4,9,3,0
Conor Gallagher,MF,Chelsea,0.8,5,3,2,3,0,1,2,50,1,14,5,35.7,1,8,5,0,0,0,0,4,9,1,0
Alejandro Garnacho,MF,Manchester Utd,0,0,0,0,0,0,0,0,,0,2,0,0,1,0,1,0,0,0,0,0,0,0,0
David de Gea,GK,Manchester Utd,3,0,0,0,0,0,0,0,,0,0,0,,0,0,0,0,0,0,0,0,0,0,0
Joe Gelhardt,FW,Leeds United,0.2,0,0,0,0,0,0,0,,0,7,2,28.6,1,5,1,0,0,0,0,0,0,1,0
Saman Ghoddos,FW,Brentford,0.1,0,0,0,0,0,0,0,,0,0,0,,0,0,0,0,0,0,0,0,0,0,0
Morgan Gibbs-White,FW,Wolves,2,3,1,2,1,0,1,2,50,1,25,7,28,5,14,6,4,0,0,4,1,4,1,0
Morgan Gibbs-White,MF,Nott'ham Forest,0.3,1,1,0,0,1,0,0,,0,2,2,100,0,1,1,0,0,0,0,0,1,1,0
Ben Godfrey,DF,Everton,0.2,0,0,0,0,0,0,0,,0,0,0,,0,0,0,0,0,0,0,0,0,0,0
Joe Gomez,DF,Liverpool,1.3,2,1,1,1,0,0,1,0,1,13,7,53.8,6,7,0,1,1,0,0,4,6,4,0
Anthony Gordon,FW,Everton,3,6,4,1,5,0,1,6,16.7,5,60,19,31.7,5,39,16,3,1,0,2,2,8,0,0
Demarai Gray,FW,Everton,2.9,3,3,1,1,1,2,3,66.7,1,19,8,42.1,4,7,8,2,0,0,2,0,3,1,0
Jack Grealish,FW,Manchester City,1.5,0,0,0,0,0,0,0,,0,7,1,14.3,0,3,4,1,0,0,1,0,0,0,0
Sam Greenwood,MFFW,Leeds United,0.3,3,1,1,2,0,1,3,33.3,2,9,2,22.2,3,6,0,1,0,0,1,0,3,0,0
Pascal Groß,MFDF,Brighton,3,1,1,0,1,0,0,2,0,2,44,14,31.8,10,17,17,5,1,0,4,2,3,2,0
Vicente Guaita,GK,Crystal Palace,3,0,0,0,0,0,0,0,,0,0,0,,0,0,0,0,0,0,0,0,0,0,0
Gonçalo Guedes,FW,Wolves,1.3,0,0,0,0,0,0,1,0,1,12,2,16.7,2,3,7,0,0,0,0,1,1,0,0
Marc Guéhi,DF,Crystal Palace,3,1,1,1,0,0,0,2,0,2,20,8,40,12,6,2,7,4,0,3,4,5,10,0
Bruno Guimarães,MF,Newcastle Utd,3,8,6,3,4,1,2,3,66.7,1,62,14,22.6,19,31,12,7,1,0,6,5,13,5,0
İlkay Gündoğan,MF,Manchester City,2.6,2,2,0,2,0,2,3,66.7,1,20,6,30,4,8,8,2,0,0,2,5,7,1,0
Erling Haaland,FW,Manchester City,2.7,0,0,0,0,0,0,0,,0,17,6,35.3,1,5,11,1,0,0,1,0,0,1,0
Jack Harrison,FW,Leeds United,2.8,4,3,0,3,1,1,5,20,4,54,11,20.4,11,26,17,5,1,0,4,4,8,3,0
Kai Havertz,FWMF,Chelsea,2.8,6,4,0,2,4,1,5,20,4,58,12,20.7,2,22,34,8,1,0,7,0,6,3,0
Hwang Hee-chan,FW,Wolves,1.7,2,1,1,0,1,1,1,100,0,10,2,20,2,5,3,0,0,0,0,1,3,1,0
Dean Henderson,GK,Nott'ham Forest,3,0,0,0,0,0,0,0,,0,1,1,100,1,0,0,0,0,0,0,0,0,0,0
Jordan Henderson,MF,Liverpool,2,2,2,0,1,1,1,2,50,1,26,9,34.6,4,17,5,4,1,0,3,2,4,0,0
Rico Henry,DF,Brentford,3,2,2,2,0,0,0,0,,0,37,13,35.1,18,11,8,5,1,0,4,6,8,4,0
Son Heung-min,MFFW,Tottenham,2.7,4,3,0,2,2,3,4,75,1,34,5,14.7,5,17,12,2,0,0,2,4,8,2,0
Aaron Hickey,DF,Brentford,2.4,2,1,1,1,0,0,3,0,3,22,6,27.3,7,12,3,3,0,0,3,4,6,1,0
Pierre Højbjerg,MF,Tottenham,3,7,5,4,3,0,4,9,44.4,5,36,7,19.4,10,20,6,8,5,0,3,4,11,5,0
Mason Holgate,DF,Everton,2.8,7,4,5,2,0,1,3,33.3,2,32,10,31.3,16,12,4,3,2,0,1,3,10,18,0
Will Hughes,MF,Crystal Palace,0.3,2,1,1,1,0,1,2,50,1,6,2,33.3,5,1,0,0,0,0,0,1,3,0,0
Kelechi Iheanacho,FW,Leicester City,0.4,0,0,0,0,0,0,1,0,1,3,1,33.3,0,2,1,0,0,0,0,0,0,0,0
Danny Ings,FW,Aston Villa,1.9,0,0,0,0,0,0,1,0,1,26,11,42.3,1,7,18,3,1,0,2,0,0,2,0
Alex Iwobi,MF,Everton,3,7,2,3,2,2,3,7,42.9,4,38,19,50,19,16,3,4,0,0,4,4,11,3,0
Daniel James,FW,Leeds United,1.4,3,2,1,0,2,1,3,33.3,2,33,10,30.3,5,18,10,3,0,0,3,1,4,0,0
Reece James,DF,Chelsea,3,7,5,3,3,1,2,4,50,2,30,8,26.7,14,11,5,3,1,0,2,3,10,7,0
Vitaly Janelt,MFDF,Brentford,1.7,5,4,4,0,1,3,4,75,1,29,7,24.1,9,18,2,1,0,0,1,4,9,3,0
Pontus Jansson,DF,Brentford,3,4,0,4,0,0,1,2,50,1,14,6,42.9,7,6,1,4,4,0,0,3,7,10,0
Mathias Jensen,MF,Brentford,2.1,5,4,2,1,2,1,5,20,4,66,14,21.2,14,28,24,4,0,0,4,1,6,2,0
Gabriel Jesus,FW,Arsenal,2.8,3,3,1,1,1,1,4,25,3,44,12,27.3,3,15,26,3,0,0,3,3,6,0,0
Raúl Jiménez,FW,Wolves,0.4,0,0,0,0,0,0,1,0,1,3,0,0,0,1,2,0,0,0,0,0,0,0,0
Joelinton,MF,Newcastle Utd,3,8,2,5,2,1,2,4,50,2,47,9,19.1,10,24,13,2,1,0,1,9,17,6,0
Ben Johnson,DF,West Ham,2.2,1,1,1,0,0,0,0,,0,15,4,26.7,12,3,0,7,2,0,5,2,3,13,0
Brennan Johnson,FW,Nott'ham Forest,3,1,1,0,0,1,0,0,,0,23,8,34.8,0,8,15,5,0,0,5,1,2,0,0
Jorginho,MF,Chelsea,2.5,2,1,0,1,1,0,6,0,6,34,4,11.8,13,16,5,3,0,0,3,4,6,0,0
James Justin,DF,Leicester City,3,4,2,1,3,0,1,3,33.3,2,38,9,23.7,20,12,6,10,1,0,9,1,5,6,0
Boubacar Kamara,MF,Aston Villa,2.9,11,8,6,4,1,4,10,40,6,60,24,40,26,28,6,9,3,0,6,6,17,4,0
Harry Kane,FW,Tottenham,3,2,2,1,1,0,0,3,0,3,33,9,27.3,3,12,18,2,1,0,1,0,2,2,0
N'Golo Kanté,MF,Chelsea,1.9,6,4,2,4,0,3,6,50,3,29,12,41.4,13,11,5,2,0,0,2,4,10,1,0
Neeskens Kebano,FW,Fulham,1.6,2,2,2,0,0,1,3,33.3,2,27,5,18.5,12,14,1,5,0,0,5,1,3,0,0
Thilo Kehrer,DF,West Ham,1,0,0,0,0,0,0,0,,0,11,5,45.5,5,6,0,1,0,0,1,0,0,3,0
Lloyd Kelly,DF,Bournemouth,3,5,4,4,1,0,2,3,66.7,1,15,7,46.7,12,3,0,4,3,0,1,3,8,21,0
Max Kilman,DF,Wolves,3,1,0,1,0,0,1,1,100,0,8,5,62.5,6,2,0,8,2,0,6,10,11,17,0
Mateusz Klich,MF,Leeds United,0.5,1,0,1,0,0,0,0,,0,17,3,17.6,1,10,6,0,0,0,0,0,1,0,0
Robin Koch,DF,Leeds United,3,7,2,6,1,0,4,7,57.1,3,23,7,30.4,16,7,0,7,3,0,4,3,10,14,0
Ezri Konsa,DF,Aston Villa,2,5,2,4,1,0,1,2,50,1,25,7,28,21,4,0,3,2,0,1,2,7,5,0
Kalidou Koulibaly,DF,Chelsea,2.7,9,6,7,1,1,2,5,40,3,30,15,50,19,8,3,8,1,0,7,3,12,5,0
Cheikhou Kouyaté,MF,Nott'ham Forest,0.1,1,0,1,0,0,0,0,,0,4,0,0,3,1,0,1,1,0,0,0,1,1,0
Emil Krafth,DF,Newcastle Utd,0,0,0,0,0,0,0,0,,0,1,0,0,1,0,0,0,0,0,0,0,0,0,0
Dejan Kulusevski,MFFW,Tottenham,2.9,2,0,0,0,2,0,4,0,4,62,14,22.6,10,22,30,1,0,0,1,1,3,0,0
Adam Lallana,MF,Brighton,2.2,2,1,1,1,0,1,3,33.3,2,36,13,36.1,10,9,17,2,0,0,2,2,4,1,0
Tariq Lamptey,DF,Brighton,0.4,0,0,0,0,0,0,0,,0,2,1,50,0,0,2,0,0,0,0,0,0,0,0
Manuel Lanzini,MFFW,West Ham,1,0,0,0,0,0,0,1,0,1,19,1,5.3,7,9,3,1,0,0,1,1,1,0,0
Roméo Lavia,MF,Southampton,3,7,4,4,2,1,2,3,66.7,1,37,17,45.9,11,24,2,4,1,0,3,7,14,3,0
Clément Lenglet,DF,Tottenham,0.1,0,0,0,0,0,0,0,,0,1,0,0,1,0,0,1,0,0,1,0,0,1,0
Bernd Leno,GK,Fulham,1,0,0,0,0,0,0,0,,0,0,0,,0,0,0,0,0,0,0,0,0,0,0
Jefferson Lerma,DFMF,Bournemouth,3,6,2,4,0,2,2,2,100,0,27,7,25.9,14,8,5,3,0,0,3,1,7,12,0
Rico Lewis,DF,Manchester City,0.1,0,0,0,0,0,0,0,,0,1,0,0,0,0,1,0,0,0,0,0,0,0,0
Keane Lewis-Potter,FWMF,Brentford,0.7,0,0,0,0,0,0,0,,0,9,4,44.4,0,2,7,1,0,0,1,0,0,0,0
Jesse Lingard,MF,Nott'ham Forest,2.9,1,0,1,0,0,0,1,0,1,38,5,13.2,5,22,11,1,0,0,1,3,4,2,0
Diego Llorente,DF,Leeds United,3,4,4,4,0,0,3,4,75,1,19,10,52.6,13,5,1,5,1,0,4,7,11,18,0
Hugo Lloris,GK,Tottenham,3,0,0,0,0,0,0,1,0,1,1,0,0,1,0,0,0,0,0,0,0,0,0,0
Ruben Loftus-Cheek,DFMF,Chelsea,2.3,10,3,4,4,2,2,3,66.7,1,25,9,36,10,11,4,2,1,0,1,4,14,5,0
Sean Longstaff,MF,Newcastle Utd,0.5,2,1,1,0,1,0,2,0,2,12,2,16.7,4,5,3,0,0,0,0,0,2,3,0
Jamal Lowe,FW,Bournemouth,0,0,0,0,0,0,0,0,,0,0,0,,0,0,0,0,0,0,0,0,0,0,0
Douglas Luiz,MF,Aston Villa,0.3,0,0,0,0,0,0,1,0,1,6,0,0,3,3,0,0,0,0,0,0,0,0,0
Lyanco,MF,Southampton,0,1,0,1,0,0,0,0,,0,0,0,,0,0,0,0,0,0,0,0,1,1,0
Alexis Mac Allister,MF,Brighton,3,8,4,3,4,1,4,7,57.1,3,52,16,30.8,17,27,8,3,1,0,2,9,17,3,0
James Maddison,MF,Leicester City,3,0,0,0,0,0,0,2,0,2,39,9,23.1,6,22,11,2,0,0,2,0,0,1,0
Harry Maguire,DF,Manchester Utd,2,1,1,1,0,0,1,1,100,0,13,4,30.8,8,3,2,5,4,0,1,3,4,4,0
Riyad Mahrez,FW,Manchester City,1,1,0,0,0,1,0,1,0,1,12,3,25,0,5,7,1,0,0,1,1,2,0,0
Tyrell Malacia,DF,Manchester Utd,1.5,7,1,5,1,1,3,10,30,7,25,5,20,17,7,1,5,0,0,5,2,9,5,0
Orel Mangala,MF,Nott'ham Forest,1.7,4,3,1,2,1,2,5,40,3,24,7,29.2,8,13,3,1,0,0,1,3,7,0,0
Sekou Mara,FWMF,Southampton,0.9,1,0,0,1,0,1,2,50,1,15,3,20,1,6,8,0,0,0,0,0,1,0,0
Solly March,DFMF,Brighton,2.7,6,4,2,2,2,1,2,50,1,30,7,23.3,7,15,8,6,2,0,4,5,11,10,0
Anthony Martial,FW,Manchester Utd,0.5,0,0,0,0,0,0,0,,0,4,0,0,1,0,3,0,0,0,0,1,1,0,0
Martinelli,FW,Arsenal,2.8,1,0,0,0,1,1,3,33.3,2,46,10,21.7,6,16,24,3,0,0,3,3,4,1,0
Emiliano Martínez,GK,Aston Villa,3,0,0,0,0,0,0,0,,0,0,0,,0,0,0,0,0,0,0,0,0,0,0
Lisandro Martínez,DF,Manchester Utd,2.5,6,6,3,2,1,3,7,42.9,4,33,14,42.4,26,5,2,5,5,0,0,5,11,14,0
Jean-Philippe Mateta,FW,Crystal Palace,0.6,0,0,0,0,0,0,0,,0,14,1,7.1,1,6,7,0,0,0,0,1,1,0,0
Joël Matip,DF,Liverpool,1,6,4,4,2,0,2,3,66.7,1,12,7,58.3,8,3,1,2,1,0,1,3,9,3,0
Kevin Mbabu,DF,Fulham,0.2,0,0,0,0,0,0,0,,0,5,1,20,1,3,1,0,0,0,0,0,0,0,0
Bryan Mbeumo,FWDF,Brentford,2.8,2,2,2,0,0,0,1,0,1,24,8,33.3,7,8,9,1,0,0,1,1,3,3,0
John McGinn,MF,Aston Villa,2.8,12,7,2,9,1,3,5,60,2,54,17,31.5,9,36,9,4,1,0,3,2,14,1,0
Scott McKenna,DF,Nott'ham Forest,3,1,0,1,0,0,0,0,,0,21,5,23.8,13,8,0,8,5,0,3,2,3,15,0
Dwight McNeil,FW,Everton,1.7,6,4,4,1,1,3,5,60,2,37,12,32.4,13,11,13,1,0,0,1,1,7,0,0
Scott McTominay,MF,Manchester Utd,2.4,5,5,2,1,2,1,2,50,1,36,15,41.7,10,20,6,1,0,0,1,2,7,6,0
Ben Mee,DF,Brentford,2.6,2,1,1,1,0,0,1,0,1,11,3,27.3,5,4,2,3,1,0,2,5,7,6,0
Edouard Mendy,GK,Chelsea,3,0,0,0,0,0,0,0,,0,0,0,,0,0,0,0,0,0,0,0,0,0,1
Chris Mepham,DF,Bournemouth,3,6,4,5,1,0,3,3,100,0,27,8,29.6,19,8,0,4,1,0,3,4,10,26,0
Illan Meslier,GK,Leeds United,3,0,0,0,0,0,0,1,0,1,1,0,0,1,0,0,0,0,0,0,0,0,0,0
Alexander Mighten,FW,Nott'ham Forest,0.1,0,0,0,0,0,0,0,,0,2,0,0,0,0,2,0,0,0,0,0,0,0,0
Luka Milivojević,MF,Crystal Palace,0.4,2,0,2,0,0,1,1,100,0,11,1,9.1,5,4,2,0,0,0,0,1,3,0,0
James Milner,MF,Liverpool,1.8,2,2,0,1,1,0,5,0,5,29,7,24.1,8,10,11,3,1,0,2,3,5,1,0
Yerry Mina,DF,Everton,0.8,2,1,1,1,0,0,0,,0,4,2,50,2,2,0,3,1,0,2,0,2,3,0
Tyrone Mings,DF,Aston Villa,2,1,1,0,1,0,0,0,,0,8,5,62.5,4,3,1,1,0,0,1,3,4,10,0
Tyrick Mitchell,DF,Crystal Palace,2.9,8,4,8,0,0,1,1,100,0,64,14,21.9,39,19,6,8,1,0,7,7,15,6,0
Kaoru Mitoma,DF,Brighton,0.2,1,1,1,0,0,1,1,100,0,3,1,33.3,2,1,0,0,0,0,0,0,1,0,0
Aleksandar Mitrović,FW,Fulham,3,5,5,0,4,1,2,3,66.7,1,44,11,25,4,20,20,4,2,0,2,5,10,4,0
Kieffer Moore,FW,Bournemouth,3,2,2,0,2,0,0,4,0,4,63,14,22.2,7,40,16,3,1,0,2,0,2,0,0
Mason Mount,MFFW,Chelsea,2.6,10,7,1,6,3,5,8,62.5,3,54,21,38.9,5,32,17,9,3,0,6,0,10,0,0
Lucas Moura,DFFW,Tottenham,0.2,1,1,0,1,0,0,1,0,1,5,2,40,3,1,1,0,0,0,0,0,1,2,0
João Moutinho,MF,Wolves,0.6,1,1,1,0,0,0,0,,0,9,2,22.2,4,5,0,0,0,0,0,0,1,0,0
Jacob Murphy,FW,Newcastle Utd,0.3,0,0,0,0,0,0,0,,0,5,1,20,2,1,2,0,0,0,0,0,0,0,0
Enock Mwepu,MFFW,Brighton,0.5,2,2,1,1,0,1,2,50,1,9,5,55.6,3,5,1,3,1,0,2,3,5,0,0
Vitaliy Mykolenko,DF,Everton,3,3,1,3,0,0,1,3,33.3,2,24,9,37.5,12,6,6,5,1,0,4,8,11,7,0
Wilfred Ndidi,MF,Leicester City,3,7,4,3,3,1,2,5,40,3,53,17,32.1,23,23,7,3,1,0,2,7,14,2,0
Pedro Neto,FWDF,Wolves,2.6,2,0,1,0,1,1,2,50,1,20,7,35,7,10,3,3,0,0,3,5,7,1,0
Rúben Neves,MF,Wolves,3,10,6,5,4,1,2,11,18.2,9,39,16,41,19,19,1,6,3,0,3,4,14,5,0
Moussa Niakhate,DF,Nott'ham Forest,1.8,1,1,1,0,0,0,1,0,1,18,4,22.2,13,5,0,2,1,0,1,0,1,21,0
Rasmus Nissen,DF,Leeds United,3,2,2,1,1,0,1,5,20,4,19,3,15.8,11,7,1,7,1,0,6,5,7,6,0
Eddie Nketiah,FW,Arsenal,0.4,0,0,0,0,0,0,0,,0,5,1,20,0,4,1,0,0,0,0,1,1,0,0
Christian Nørgaard,MF,Brentford,2.7,5,3,4,1,0,2,6,33.3,4,44,9,20.5,10,26,8,6,1,0,5,10,15,3,1
Matheus Nunes,MF,Wolves,1,2,2,1,1,0,0,1,0,1,17,5,29.4,4,9,4,0,0,0,0,1,3,1,0
Darwin Núñez,FW,Liverpool,1.1,0,0,0,0,0,0,0,,0,15,7,46.7,2,5,8,0,0,0,0,0,0,0,0
Lewis O'Brien,MF,Nott'ham Forest,2.8,11,9,2,8,1,1,6,16.7,5,55,16,29.1,20,29,6,3,0,0,3,6,17,5,0
Martin Ødegaard,MF,Arsenal,2.8,4,3,2,2,0,0,1,0,1,48,20,41.7,7,23,18,3,0,0,3,2,6,1,0
Michael Olise,FW,Crystal Palace,0.3,1,1,1,0,0,0,0,,0,8,2,25,1,3,4,0,0,0,0,1,2,0,0
Amadou Onana,MF,Everton,0.5,2,2,2,0,0,0,1,0,1,8,3,37.5,8,0,0,1,0,0,1,3,5,0,0
Frank Onyeka,MF,Brentford,0.1,1,1,0,1,0,1,1,100,0,2,1,50,1,1,0,1,0,0,1,0,1,0,0
João Palhinha,MF,Fulham,3,11,9,4,7,0,6,12,50,6,68,26,38.2,23,39,6,4,0,0,4,5,16,5,0
Cole Palmer,MF,Manchester City,0,0,0,0,0,0,0,0,,0,0,0,,0,0,0,0,0,0,0,0,0,0,0
Thomas Partey,MF,Arsenal,3,12,8,5,6,1,1,5,20,4,51,22,43.1,15,28,8,6,1,0,5,3,15,4,0
Nathan Patterson,DF,Everton,3,5,2,1,3,1,0,4,0,4,39,9,23.1,21,11,7,4,2,0,2,6,11,6,0
Ben Pearson,MF,Bournemouth,2.3,5,3,1,3,1,0,1,0,1,37,6,16.2,17,14,6,3,0,0,3,1,6,2,0
Andreas Pereira,MF,Fulham,2.9,1,0,0,0,1,1,3,33.3,2,46,16,34.8,4,18,24,4,0,0,4,1,2,2,0
Ayoze Pérez,MF,Leicester City,0.7,3,2,0,2,1,0,2,0,2,14,5,35.7,4,7,3,1,0,0,1,1,4,2,0
Ivan Perišić,DF,Tottenham,1.2,3,2,1,1,1,2,6,33.3,4,15,2,13.3,5,5,5,0,0,0,0,3,6,2,0
Romain Perraud,DF,Southampton,0.2,1,1,0,0,1,0,0,,0,5,2,40,1,2,2,0,0,0,0,0,1,0,0
Kalvin Phillips,MF,Manchester City,0,0,0,0,0,0,0,0,,0,2,1,50,0,2,0,0,0,0,0,1,1,0,0
Nathaniel Phillips,DF,Liverpool,0.7,4,3,1,3,0,2,2,100,0,7,3,42.9,2,4,1,0,0,0,0,6,10,6,0
Jordan Pickford,GK,Everton,3,0,0,0,0,0,0,0,,0,0,0,,0,0,0,0,0,0,0,0,0,0,0
Daniel Podence,MFFW,Wolves,2.6,2,2,2,0,0,1,1,100,0,26,10,38.5,5,10,11,1,1,0,0,0,2,0,0
Nick Pope,GK,Newcastle Utd,3,0,0,0,0,0,0,0,,0,1,0,0,1,0,0,0,0,0,0,0,0,0,0
Dennis Praet,MF,Leicester City,0.3,0,0,0,0,0,0,1,0,1,3,0,0,1,2,0,0,0,0,0,0,0,0,0
Christian Pulisic,MFFW,Chelsea,0.7,1,1,0,0,1,0,0,,0,12,4,33.3,3,6,3,0,0,0,0,0,1,2,0
Aaron Ramsdale,GK,Arsenal,3,0,0,0,0,0,0,0,,0,1,0,0,1,0,0,0,0,0,0,1,1,0,1
Jacob Ramsey,MF,Aston Villa,2.5,7,4,2,5,0,1,4,25,3,43,12,27.9,15,23,5,5,0,0,5,5,12,3,0
Marcus Rashford,FW,Manchester Utd,2.9,2,2,1,1,0,0,2,0,2,26,6,23.1,4,13,9,3,0,0,3,1,3,4,0
David Raya,GK,Brentford,3,0,0,0,0,0,0,0,,0,0,0,,0,0,0,0,0,0,0,0,0,0,0
Tim Ream,DF,Fulham,3,6,2,3,3,0,2,3,66.7,1,20,6,30,11,8,1,5,2,1,3,17,23,9,0
Nathan Redmond,DF,Southampton,0,0,0,0,0,0,0,0,,0,0,0,,0,0,0,0,0,0,0,0,0,0,0
Harrison Reed,MF,Fulham,3,4,2,1,2,1,1,4,25,3,48,20,41.7,15,20,13,6,1,0,5,5,9,4,0
Bobby Reid,FW,Fulham,3,6,4,1,1,4,0,0,,0,52,11,21.2,11,22,19,6,1,0,5,2,8,3,0
Declan Rice,MF,West Ham,3,9,5,5,3,1,3,5,60,2,33,11,33.3,10,16,7,6,1,0,5,10,19,5,0
Chris Richards,DF,Crystal Palace,0.1,0,0,0,0,0,0,0,,0,5,1,20,1,2,2,2,1,0,1,2,2,4,0
Richarlison,MFFW,Tottenham,0.5,0,0,0,0,0,0,2,0,2,8,0,0,2,3,3,1,0,0,1,1,1,1,0
Andrew Robertson,DF,Liverpool,2.6,6,4,3,3,0,3,4,75,1,26,14,53.8,12,8,6,6,1,0,5,1,7,5,0
Antonee Robinson,DF,Fulham,3,4,1,4,0,0,2,3,66.7,1,34,7,20.6,21,9,4,6,0,0,6,14,18,9,1
Marc Roca,MF,Leeds United,2.4,7,4,4,2,1,2,10,20,8,50,10,20,19,21,10,4,2,0,2,3,10,3,0
Marek Rodák,GK,Fulham,2,0,0,0,0,0,0,0,,0,0,0,,0,0,0,0,0,0,0,0,0,0,1
Rodri,MF,Manchester City,3,5,5,2,3,0,0,2,0,2,29,11,37.9,8,17,4,5,3,0,2,4,9,8,0
Rodrigo,FWMF,Leeds United,2.6,0,0,0,0,0,0,3,0,3,43,13,30.2,1,21,21,2,1,0,1,1,1,4,0
Mads Roerslev,DF,Brentford,1,0,0,0,0,0,0,1,0,1,5,1,20,5,0,0,4,3,0,1,3,3,1,0
Cristian Romero,DF,Tottenham,2,6,1,2,4,0,2,3,66.7,1,28,6,21.4,15,12,1,2,1,0,1,9,15,12,1
Oriol Romeu,MF,Southampton,0.8,0,0,0,0,0,0,1,0,1,13,2,15.4,7,5,1,1,0,0,1,3,3,1,0
Cristiano Ronaldo,FW,Manchester Utd,1.5,0,0,0,0,0,0,1,0,1,10,3,30,2,2,6,1,0,0,1,0,0,4,0
Salomón Rondón,FW,Everton,0.9,1,0,0,1,0,1,1,100,0,12,4,33.3,0,9,3,0,0,0,0,0,1,0,0
José Sá,GK,Wolves,3,0,0,0,0,0,0,0,,0,1,1,100,1,0,0,0,0,0,0,0,0,0,0
Allan Saint-Maximin,FW,Newcastle Utd,2.8,0,0,0,0,0,0,2,0,2,21,6,28.6,3,10,8,0,0,0,0,2,2,0,0
Bukayo Saka,FW,Arsenal,2.9,5,5,3,0,2,0,1,0,1,45,14,31.1,13,16,16,4,0,0,4,2,7,2,0
Mohamed Salah,FW,Liverpool,3,1,0,0,1,0,1,2,50,1,22,6,27.3,1,4,17,0,0,0,0,1,2,0,0
William Saliba,DF,Arsenal,3,3,2,2,1,0,1,2,50,1,13,7,53.8,7,5,1,5,2,1,3,10,13,11,0
Mohammed Salisu,DF,Southampton,3,9,5,4,4,1,5,5,100,0,30,11,36.7,12,18,0,9,1,0,8,8,17,15,0
Albert Sambi Lokonga,MF,Arsenal,0,0,0,0,0,0,0,0,,0,1,0,0,0,1,0,0,0,0,0,0,0,0,0
Davinson Sánchez,DF,Tottenham,1,3,1,3,0,0,1,1,100,0,17,5,29.4,10,7,0,3,3,0,0,1,4,4,0
Robert Sánchez,GK,Brighton,3,0,0,0,0,0,0,0,,0,0,0,,0,0,0,0,0,0,0,0,0,1,0
Jadon Sancho,FW,Manchester Utd,2.4,2,2,2,0,0,1,2,50,1,24,6,25,7,11,6,4,0,0,4,3,5,1,0
Gianluca Scamacca,FW,West Ham,0.9,0,0,0,0,0,0,0,,0,14,2,14.3,2,6,6,0,0,0,0,1,1,0,0
Fabian Schär,DF,Newcastle Utd,3,2,1,0,2,0,1,3,33.3,2,17,5,29.4,6,9,2,12,5,0,7,12,14,17,0
Jeffrey Schlupp,MF,Crystal Palace,2.8,10,4,4,5,1,1,4,25,3,52,14,26.9,14,32,6,3,1,0,2,3,13,2,0
Nélson Semedo,DF,Wolves,0.4,3,1,3,0,0,2,3,66.7,1,4,2,50,3,1,0,0,0,0,0,0,3,0,0
Marcos Senesi,DF,Bournemouth,0.6,2,2,1,1,0,1,3,33.3,2,8,5,62.5,5,3,0,0,0,0,0,1,3,4,0
Ryan Sessegnon,DF,Tottenham,1.5,5,4,1,3,1,2,5,40,3,27,6,22.2,2,19,6,5,0,0,5,5,10,5,0
Luke Shaw,DF,Manchester Utd,1.5,2,1,1,1,0,0,1,0,1,13,3,23.1,7,4,2,3,0,0,3,2,4,4,0
Bernardo Silva,FWMF,Manchester City,1.4,6,1,2,1,3,5,6,83.3,1,22,6,27.3,6,7,9,1,0,0,1,4,10,2,0
Thiago Silva,DF,Chelsea,3,6,4,4,2,0,2,4,50,2,13,8,61.5,5,8,0,5,2,0,3,7,13,11,0
Luis Sinisterra,FW,Leeds United,0.3,0,0,0,0,0,0,0,,0,11,2,18.2,4,5,2,1,0,0,1,1,1,0,0
Adam Smith,DF,Bournemouth,3,6,2,3,2,1,4,13,30.8,9,49,7,14.3,23,23,3,6,2,0,4,5,11,6,0
Emile Smith Rowe,MFFW,Arsenal,0.3,1,1,1,0,0,1,2,50,1,7,1,14.3,1,4,2,0,0,0,0,0,1,0,0
Dominic Solanke,FW,Bournemouth,1,0,0,0,0,0,0,0,,0,24,6,25,10,10,4,3,0,0,3,0,0,1,0
Manor Solomon,FW,Fulham,0.3,2,0,2,0,0,0,1,0,1,10,4,40,7,2,1,1,0,0,1,2,4,0,0
Tomáš Souček,MF,West Ham,3,5,4,4,0,1,1,6,16.7,5,39,8,20.5,17,12,10,4,1,0,3,5,10,6,0
Jack Stacey,DF,Bournemouth,1,0,0,0,0,0,0,3,0,3,10,4,40,4,3,3,2,0,0,2,2,2,1,0
Junior Stanislas,MF,Bournemouth,0.3,0,0,0,0,0,0,0,,0,6,0,0,1,4,1,0,0,0,0,0,0,0,0
Jay Stansfield,FW,Fulham,0.9,1,0,0,0,1,0,0,,0,26,6,23.1,4,10,12,3,1,0,2,4,5,2,0
Jack Stephens,DF,Southampton,0.5,2,2,2,0,0,1,1,100,0,4,3,75,2,1,1,1,1,0,0,1,3,2,0
Raheem Sterling,FWMF,Chelsea,2.9,2,1,0,0,2,1,1,100,0,22,8,36.4,2,5,15,2,1,0,1,0,2,1,0
John Stones,DF,Manchester City,1.3,0,0,0,0,0,0,0,,0,7,2,28.6,3,4,0,0,0,0,0,0,0,2,0
Pascal Struijk,DF,Leeds United,3,14,9,8,4,2,8,15,53.3,7,53,18,34,27,23,3,12,2,0,10,5,19,11,0
Crysencio Summerville,FW,Leeds United,0.1,0,0,0,0,0,0,0,,0,1,0,0,0,1,0,0,0,0,0,0,0,0,0
Sam Surridge,FW,Nott'ham Forest,0.9,0,0,0,0,0,0,1,0,1,7,1,14.3,2,1,4,2,1,0,1,0,0,3,0
Matt Targett,DF,Newcastle Utd,1,3,3,1,1,1,2,3,66.7,1,7,3,42.9,3,1,3,0,0,0,0,1,4,1,0
James Tarkowski,DF,Everton,3,9,7,7,2,0,2,6,33.3,4,35,16,45.7,26,8,1,5,3,0,2,5,14,23,0
Marcus Tavernier,FWMF,Bournemouth,2.8,1,0,1,0,0,1,2,50,1,40,9,22.5,12,18,10,3,0,0,3,0,1,0,0
Kenny Tete,DF,Fulham,2.8,11,6,7,2,2,3,4,75,1,41,12,29.3,23,9,9,2,1,0,1,13,24,8,0
Youri Tielemans,MF,Leicester City,2,1,1,0,1,0,0,1,0,1,18,5,27.8,5,10,3,6,0,0,6,0,1,2,0
Kieran Tierney,DFFW,Arsenal,0.3,0,0,0,0,0,0,1,0,1,4,1,25,1,2,1,1,0,0,1,1,1,3,0
Harry Toffolo,DF,Nott'ham Forest,3,5,3,2,1,2,0,3,0,3,19,5,26.3,7,6,6,10,1,0,9,6,11,8,0
Takehiro Tomiyasu,DF,Arsenal,0.4,1,0,0,1,0,0,0,,0,8,2,25,2,5,1,0,0,0,0,0,1,1,0
Ivan Toney,FW,Brentford,3,1,1,0,0,1,0,0,,0,48,12,25,4,20,24,3,0,0,3,3,4,1,0
Adama Traoré,DFFW,Wolves,0.4,0,0,0,0,0,0,0,,0,4,2,50,1,2,1,0,0,0,0,0,0,0,0
Mark Travers,GK,Bournemouth,3,0,0,0,0,0,0,0,,0,0,0,,0,0,0,0,0,0,0,0,0,0,0
Kieran Trippier,DF,Newcastle Utd,3,2,1,1,1,0,0,5,0,5,31,8,25.8,8,17,6,5,2,0,3,10,12,9,0
Leandro Trossard,DFFW,Brighton,2.6,0,0,0,0,0,0,2,0,2,27,5,18.5,9,7,11,4,0,0,4,5,5,2,0
Kostas Tsimikas,DF,Liverpool,0.4,2,1,2,0,0,1,3,33.3,2,10,4,40,6,4,0,2,0,0,2,1,3,0,0
Deniz Undav,FW,Brighton,0,0,0,0,0,0,0,0,,0,0,0,,0,0,0,0,0,0,0,0,0,0,0
Yan Valery,DF,Southampton,0.5,0,0,0,0,0,0,0,,0,9,3,33.3,4,3,2,1,0,0,1,1,1,3,0
Virgil van Dijk,DF,Liverpool,3,1,0,1,0,0,0,2,0,2,19,9,47.4,9,9,1,4,1,0,3,3,4,14,0
Raphaël Varane,DF,Manchester Utd,1.5,5,3,4,1,0,0,1,0,1,9,5,55.6,7,2,0,2,0,0,2,2,7,11,0
Jamie Vardy,FW,Leicester City,2.5,3,1,1,0,2,1,1,100,0,31,13,41.9,2,7,22,1,0,0,1,0,3,7,1
Joël Veltman,DF,Brighton,3,9,3,6,2,1,2,5,40,3,27,10,37,11,14,2,9,4,0,5,6,15,17,0
Rúben Vinagre,DF,Everton,0.2,1,0,0,1,0,0,1,0,1,3,1,33.3,0,3,0,0,0,0,0,0,1,1,0
Kyle Walker,DF,Manchester City,2.9,3,3,2,1,0,2,6,33.3,4,22,10,45.5,8,8,6,4,0,0,4,2,5,3,0
Kyle Walker-Peters,DF,Southampton,3,3,2,0,2,1,0,4,0,4,26,7,26.9,7,10,9,2,1,0,1,6,9,8,0
Aaron Wan-Bissaka,DF,Manchester Utd,0.1,0,0,0,0,0,0,0,,0,0,0,,0,0,0,0,0,0,0,0,0,5,0
Danny Ward,GK,Leicester City,3,0,0,0,0,0,0,0,,0,1,0,0,1,0,0,0,0,0,0,0,0,0,1
Joel Ward,DF,Crystal Palace,2,4,1,2,1,1,0,0,,0,19,0,0,9,5,5,7,4,0,3,1,5,8,0
James Ward-Prowse,MF,Southampton,3,11,7,2,7,2,2,6,33.3,4,44,24,54.5,13,20,11,1,0,0,1,2,13,3,0
Ollie Watkins,FW,Aston Villa,2.3,3,3,0,2,1,1,2,50,1,27,14,51.9,2,13,12,4,0,0,4,0,3,0,0
Adam Webster,DF,Brighton,3,2,1,1,0,1,1,3,33.3,2,10,4,40,4,6,0,5,1,0,4,6,8,15,0
Danny Welbeck,FW,Brighton,3,4,4,0,2,2,0,0,,0,42,11,26.2,1,18,23,0,0,0,0,1,5,1,0
Ben White,DF,Arsenal,2.6,9,7,5,4,0,7,9,77.8,2,34,15,44.1,12,19,3,10,1,0,9,10,19,4,0
Neco Williams,DF,Nott'ham Forest,3,8,5,6,1,1,1,7,14.3,6,35,10,28.6,21,10,4,11,3,1,8,6,14,16,0
Joe Willock,MF,Newcastle Utd,2.5,7,5,1,3,3,3,6,50,3,42,18,42.9,8,21,13,4,1,0,3,4,11,3,0
Callum Wilson,FW,Newcastle Utd,2.7,1,1,0,0,1,0,0,,0,37,12,32.4,0,10,27,0,0,0,0,0,1,0,0
Yoane Wissa,FW,Brentford,2,4,2,0,3,1,1,1,100,0,25,6,24,3,9,13,3,0,0,3,3,7,2,0
Chris Wood,FW,Newcastle Utd,0.3,0,0,0,0,0,0,0,,0,7,0,0,1,5,1,0,0,0,0,0,0,1,0
Joe Worrall,DF,Nott'ham Forest,3,5,3,2,2,1,2,3,66.7,1,21,4,19,15,6,0,7,5,0,2,1,6,9,1
Granit Xhaka,MF,Arsenal,3,1,1,1,0,0,1,2,50,1,10,4,40,5,2,3,4,1,0,3,2,3,4,0
Ryan Yates,MF,Nott'ham Forest,0.4,1,0,0,1,0,1,1,100,0,6,1,16.7,1,4,1,0,0,0,0,0,1,1,0
Ashley Young,DF,Aston Villa,0,0,0,0,0,0,0,0,,0,0,0,,0,0,0,0,0,0,0,0,0,0,0
Wilfried Zaha,FW,Crystal Palace,2.9,3,1,1,1,1,1,3,33.3,2,56,14,25,14,26,16,0,0,0,0,0,3,1,0
Jordan Zemura,DF,Bournemouth,2,5,1,3,2,0,3,5,60,2,32,11,34.4,13,15,4,6,2,0,4,3,8,3,0
Oleksandr Zinchenko,DF,Arsenal,2.8,5,2,2,1,2,2,6,33.3,4,26,6,23.1,4,13,9,2,0,0,2,8,13,3,0
Hakim Ziyech,MF,Chelsea,0.3,0,0,0,0,0,0,0,,0,3,0,0,0,1,2,0,0,0,0,0,0,0,0
Kurt Zouma,DF,West Ham,3,3,2,2,1,0,2,2,100,0,16,7,43.8,12,4,0,5,2,0,3,4,7,11,0