Player,Pos,Squad,90s,SCA,SCA,SCA Types,SCA Types,SCA Types,SCA Types,SCA Types,SCA Types,GCA,GCA,GCA Types,GCA Types,GCA Types,GCA Types,GCA Types,GCA Types
Player,Pos,Squad,90s,SCA,SCA90,PassLive,PassDead,Drib,Sh,Fld,Def,GCA,GCA90,PassLive▼,PassDead,Drib,Sh,Fld,Def
Kevin De Bruyne,MF,Manchester City,3,17,5.73,10,5,1,1,0,0,4,1.35,4,0,0,0,0,0
Rodri,MF,Manchester City,3,9,3.02,8,0,0,1,0,0,4,1.34,4,0,0,0,0,0
Allan Saint-Maximin,FW,Newcastle Utd,2.8,17,6.05,12,0,3,0,2,0,5,1.78,3,0,1,0,1,0
İlkay Gündoğan,MF,Manchester City,2.6,15,5.84,15,0,0,0,0,0,3,1.17,3,0,0,0,0,0
Mathias Jensen,MF,Brentford,2.1,8,3.79,4,2,0,0,0,2,4,1.89,2,1,0,0,0,1
Emerson,DF,Tottenham,2.9,7,2.45,7,0,0,0,0,0,2,0.7,2,0,0,0,0,0
Son Heung-min,MFFW,Tottenham,2.7,8,2.96,5,3,0,0,0,0,3,1.11,2,1,0,0,0,0
Gabriel Jesus,FW,Arsenal,2.8,14,4.94,7,0,3,2,1,1,2,0.71,2,0,0,0,0,0
James Milner,MF,Liverpool,1.8,12,6.51,10,0,2,0,0,0,2,1.08,2,0,0,0,0,0
Bukayo Saka,FW,Arsenal,2.9,10,3.46,6,2,0,1,1,0,3,1.04,2,1,0,0,0,0
Ivan Toney,FW,Brentford,3,9,3,6,1,1,0,1,0,2,0.67,2,0,0,0,0,0
Leandro Trossard,DFFW,Brighton,2.6,13,4.94,10,0,1,1,0,1,2,0.76,2,0,0,0,0,0
Ollie Watkins,FW,Aston Villa,2.3,6,2.63,6,0,0,0,0,0,2,0.88,2,0,0,0,0,0
Yoane Wissa,FW,Brentford,2,4,1.98,4,0,0,0,0,0,2,0.99,2,0,0,0,0,0
Granit Xhaka,MF,Arsenal,3,10,3.37,8,1,0,1,0,0,2,0.67,2,0,0,0,0,0
Pascal Groß,MFDF,Brighton,3,10,3.33,7,2,0,0,1,0,2,0.67,1,0,0,0,1,0
Erling Haaland,FW,Manchester City,2.7,7,2.62,4,0,1,0,2,0,2,0.75,1,0,0,0,1,0
Danny Welbeck,FW,Brighton,3,8,2.68,7,0,0,0,1,0,2,0.67,1,0,0,0,1,0
Ben Davies,DF,Tottenham,2.9,3,1.02,2,0,0,1,0,0,2,0.68,1,0,0,1,0,0
Martinelli,FW,Arsenal,2.8,8,2.85,6,1,0,1,0,0,2,0.71,1,0,0,1,0,0
Wilfried Zaha,FW,Crystal Palace,2.9,11,3.79,8,0,2,1,0,0,2,0.69,1,0,0,1,0,0
Moussa Djenepo,DF,Southampton,2.8,4,1.44,3,0,1,0,0,0,2,0.72,1,0,1,0,0,0
Eberechi Eze,MFFW,Crystal Palace,2.8,10,3.57,5,3,1,0,0,1,2,0.71,1,0,1,0,0,0
Sekou Mara,FWMF,Southampton,0.9,3,3.42,1,0,2,0,0,0,2,2.28,1,0,1,0,0,0
Anthony Martial,FW,Manchester Utd,0.5,4,8,3,0,1,0,0,0,2,4,1,0,1,0,0,0
Daniel Amartey,DF,Leicester City,2.7,2,0.74,2,0,0,0,0,0,1,0.37,1,0,0,0,0,0
Adam Armstrong,FWMF,Southampton,1.6,1,0.62,1,0,0,0,0,0,1,0.62,1,0,0,0,0,0
Leon Bailey,FW,Aston Villa,1.9,6,3.21,5,0,1,0,0,0,1,0.54,1,0,0,0,0,0
Armel Bella Kotchap,DF,Southampton,2,3,1.5,2,0,0,0,1,0,1,0.5,1,0,0,0,0,0
Emi Buendía,FWMF,Aston Villa,1.6,5,3.04,3,1,0,0,1,0,1,0.61,1,0,0,0,0,0
Josh Dasilva,MF,Brentford,1.8,2,1.08,2,0,0,0,0,0,1,0.54,1,0,0,0,0,0
Odsonne Édouard,FW,Crystal Palace,1.7,4,2.34,2,0,0,1,1,0,1,0.58,1,0,0,0,0,0
Anthony Elanga,FW,Manchester Utd,0.9,4,4.68,2,0,0,0,2,0,1,1.17,1,0,0,0,0,0
Harvey Elliott,MF,Liverpool,2.3,13,5.63,10,0,2,1,0,0,1,0.43,1,0,0,0,0,0
Phil Foden,FW,Manchester City,2.5,14,5.68,9,3,0,1,1,0,1,0.41,1,0,0,0,0,0
Jack Harrison,FW,Leeds United,2.8,15,5.29,7,5,1,0,2,0,2,0.71,1,1,0,0,0,0
Hwang Hee-chan,FW,Wolves,1.7,4,2.38,2,0,1,0,1,0,1,0.6,1,0,0,0,0,0
Rico Henry,DF,Brentford,3,1,0.33,1,0,0,0,0,0,1,0.33,1,0,0,0,0,0
Pierre Højbjerg,MF,Tottenham,3,8,2.67,7,1,0,0,0,0,1,0.33,1,0,0,0,0,0
Mason Holgate,DF,Everton,2.8,4,1.42,3,0,0,1,0,0,1,0.36,1,0,0,0,0,0
Kelechi Iheanacho,FW,Leicester City,0.4,3,7.5,2,0,0,1,0,0,1,2.5,1,0,0,0,0,0
Joelinton,MF,Newcastle Utd,3,10,3.33,8,1,0,0,0,1,1,0.33,1,0,0,0,0,0
N'Golo Kanté,MF,Chelsea,1.9,6,3.1,6,0,0,0,0,0,1,0.52,1,0,0,0,0,0
Neeskens Kebano,FW,Fulham,1.6,4,2.45,3,0,0,0,1,0,1,0.61,1,0,0,0,0,0
Lloyd Kelly,DF,Bournemouth,3,1,0.33,1,0,0,0,0,0,1,0.33,1,0,0,0,0,0
Kalidou Koulibaly,DF,Chelsea,2.7,2,0.73,2,0,0,0,0,0,1,0.36,1,0,0,0,0,0
Dejan Kulusevski,MFFW,Tottenham,2.9,9,3.12,9,0,0,0,0,0,1,0.35,1,0,0,0,0,0
Keane Lewis-Potter,FWMF,Brentford,0.7,2,2.86,2,0,0,0,0,0,1,1.43,1,0,0,0,0,0
James Maddison,MF,Leicester City,3,10,3.33,7,2,1,0,0,0,2,0.67,1,1,0,0,0,0
Riyad Mahrez,FW,Manchester City,1,6,5.81,4,1,1,0,0,0,1,0.97,1,0,0,0,0,0
Kevin Mbabu,DF,Fulham,0.2,3,18,3,0,0,0,0,0,1,6,1,0,0,0,0,0
Tyrone Mings,DF,Aston Villa,2,2,1,1,0,0,0,1,0,1,0.5,1,0,0,0,0,0
Tyrick Mitchell,DF,Crystal Palace,2.9,4,1.4,4,0,0,0,0,0,1,0.35,1,0,0,0,0,0
Pedro Neto,FWDF,Wolves,2.6,9,3.4,5,1,1,2,0,0,1,0.38,1,0,0,0,0,0
Darwin Núñez,FW,Liverpool,1.1,3,2.81,3,0,0,0,0,0,1,0.94,1,0,0,0,0,0
Martin Ødegaard,MF,Arsenal,2.8,7,2.5,4,1,1,1,0,0,1,0.36,1,0,0,0,0,0
Ivan Perišić,DF,Tottenham,1.2,7,5.63,3,4,0,0,0,0,2,1.61,1,1,0,0,0,0
Jordan Pickford,GK,Everton,3,1,0.33,1,0,0,0,0,0,1,0.33,1,0,0,0,0,0
Harrison Reed,MF,Fulham,3,7,2.33,5,1,0,0,0,1,1,0.33,1,0,0,0,0,0
Jeffrey Schlupp,MF,Crystal Palace,2.8,1,0.36,1,0,0,0,0,0,1,0.36,1,0,0,0,0,0
Bernardo Silva,FWMF,Manchester City,1.4,5,3.49,4,0,0,0,1,0,1,0.7,1,0,0,0,0,0
Manor Solomon,FW,Fulham,0.3,1,3.6,1,0,0,0,0,0,1,3.6,1,0,0,0,0,0
Raheem Sterling,FWMF,Chelsea,2.9,11,3.82,9,0,1,0,1,0,1,0.35,1,0,0,0,0,0
Kenny Tete,DF,Fulham,2.8,3,1.06,2,1,0,0,0,0,1,0.35,1,0,0,0,0,0
Jamie Vardy,FW,Leicester City,2.5,2,0.81,2,0,0,0,0,0,1,0.4,1,0,0,0,0,0
Kyle Walker-Peters,DF,Southampton,3,6,2.01,3,0,1,0,2,0,1,0.33,1,0,0,0,0,0
James Ward-Prowse,MF,Southampton,3,7,2.33,3,4,0,0,0,0,1,0.33,1,0,0,0,0,0
Ben White,DF,Arsenal,2.6,2,0.76,2,0,0,0,0,0,1,0.38,1,0,0,0,0,0
Oleksandr Zinchenko,DF,Arsenal,2.8,5,1.81,5,0,0,0,0,0,1,0.36,1,0,0,0,0,0
Brenden Aaronson,FWMF,Leeds United,2.8,8,2.82,3,3,1,0,0,1,1,0.35,0,0,0,0,0,1
Aleksandar Mitrović,FW,Fulham,3,8,2.68,2,0,1,3,1,1,2,0.67,0,0,0,1,1,0
Ben Chilwell,DF,Chelsea,0.9,1,1.15,0,0,0,0,1,0,1,1.15,0,0,0,0,1,0
Ayoze Pérez,MF,Leicester City,0.7,2,2.81,1,0,0,0,1,0,1,1.41,0,0,0,0,1,0
Marc Roca,MF,Leeds United,2.4,3,1.23,2,0,0,0,1,0,1,0.41,0,0,0,0,1,0
Philip Billing,MFFW,Bournemouth,2,2,0.99,1,0,0,1,0,0,1,0.5,0,0,0,1,0,0
Fabio Carvalho,FWMF,Liverpool,0.5,1,2.09,0,0,0,1,0,0,1,2.09,0,0,0,1,0,0
Halil Dervişoğlu,MF,Brentford,0.1,1,11.25,0,0,0,1,0,0,1,11.25,0,0,0,1,0,0
Kai Havertz,FWMF,Chelsea,2.8,3,1.07,2,0,0,1,0,0,1,0.36,0,0,0,1,0,0
Jesse Lingard,MF,Nott'ham Forest,2.9,10,3.42,6,0,1,2,0,1,1,0.34,0,0,0,1,0,0
Solly March,DFMF,Brighton,2.7,5,1.82,4,0,0,1,0,0,1,0.36,0,0,0,1,0,0
Rodrigo,FWMF,Leeds United,2.6,6,2.29,4,0,0,2,0,0,1,0.38,0,0,0,1,0,0
Jay Stansfield,FW,Fulham,0.9,4,4.29,1,0,0,2,1,0,1,1.07,0,0,0,1,0,0
Pascal Struijk,DF,Leeds United,3,3,1,1,1,0,1,0,0,1,0.33,0,0,0,1,0,0
Ryan Yates,MF,Nott'ham Forest,0.4,2,5,0,0,0,2,0,0,1,2.5,0,0,0,1,0,0
Joe Aribo,FWMF,Southampton,2.3,3,1.3,2,0,1,0,0,0,1,0.43,0,0,1,0,0,0
Luis Díaz,FW,Liverpool,2.9,4,1.4,2,0,2,0,0,0,1,0.35,0,0,1,0,0,0
Danny Ings,FW,Aston Villa,1.9,5,2.69,3,0,1,1,0,0,1,0.54,0,0,1,0,0,0
Jadon Sancho,FW,Manchester Utd,2.4,11,4.54,10,0,1,0,0,0,1,0.41,0,0,1,0,0,0
Che Adams,FW,Southampton,1.4,2,1.48,1,0,0,0,1,0,0,0,0,0,0,0,0,0
Tyler Adams,MF,Leeds United,3,3,1,3,0,0,0,0,0,0,0,0,0,0,0,0,0
Tosin Adarabioyo,DF,Fulham,3,0,0,0,0,0,0,0,0,0,0,0,0,0,0,0,0
Rayan Aït Nouri,DF,Wolves,2.8,7,2.52,6,0,1,0,0,0,0,0,0,0,0,0,0,0
Nathan Aké,DF,Manchester City,2.2,2,0.9,1,0,0,1,0,0,0,0,0,0,0,0,0,0
Thiago Alcántara,MF,Liverpool,0.6,1,1.8,1,0,0,0,0,0,0,0,0,0,0,0,0,0
Trent Alexander-Arnold,DF,Liverpool,3,16,5.33,10,5,0,1,0,0,0,0,0,0,0,0,0,0
Alisson,GK,Liverpool,3,0,0,0,0,0,0,0,0,0,0,0,0,0,0,0,0
Dele Alli,FWMF,Everton,0.4,0,0,0,0,0,0,0,0,0,0,0,0,0,0,0,0
Miguel Almirón,FW,Newcastle Utd,2.8,7,2.5,6,0,1,0,0,0,0,0,0,0,0,0,0,0
Julián Álvarez,FW,Manchester City,0.3,2,6,0,0,1,1,0,0,0,0,0,0,0,0,0,0
Joachim Andersen,DF,Crystal Palace,3,2,0.67,2,0,0,0,0,0,0,0,0,0,0,0,0,0
Jaidon Anthony,FW,Bournemouth,0.5,2,4,2,0,0,0,0,0,0,0,0,0,0,0,0,0
Michail Antonio,FW,West Ham,2.2,3,1.36,2,0,0,0,1,0,0,0,0,0,0,0,0,0
Cameron Archer,MF,Aston Villa,0.1,0,0,0,0,0,0,0,0,0,0,0,0,0,0,0,0
Alphonse Areola,GK,West Ham,0.7,0,0,0,0,0,0,0,0,0,0,0,0,0,0,0,0
Stuart Armstrong,MFFW,Southampton,1.4,2,1.43,2,0,0,0,0,0,0,0,0,0,0,0,0,0
Taiwo Awoniyi,FW,Nott'ham Forest,1.8,4,2.26,2,0,0,0,2,0,0,0,0,0,0,0,0,0
Jordan Ayew,FW,Crystal Palace,2.5,8,3.26,4,0,4,0,0,0,0,0,0,0,0,0,0,0
César Azpilicueta,DF,Chelsea,1.2,2,1.61,2,0,0,0,0,0,0,0,0,0,0,0,0,0
Patrick Bamford,FW,Leeds United,1.2,0,0,0,0,0,0,0,0,0,0,0,0,0,0,0,0
Shandon Baptiste,MF,Brentford,0.6,1,1.73,1,0,0,0,0,0,0,0,0,0,0,0,0,0
Harvey Barnes,MFFW,Leicester City,0.8,0,0,0,0,0,0,0,0,0,0,0,0,0,0,0,0
Gavin Bazunu,GK,Southampton,3,0,0,0,0,0,0,0,0,0,0,0,0,0,0,0,0
Mads Bech Sørensen,DF,Brentford,0.2,1,4.74,1,0,0,0,0,0,0,0,0,0,0,0,0,0
Jan Bednarek,DF,Southampton,1.8,1,0.57,1,0,0,0,0,0,0,0,0,0,0,0,0,0
Donny van de Beek,MF,Manchester Utd,0.2,2,8.18,2,0,0,0,0,0,0,0,0,0,0,0,0,0
Saïd Benrahma,FWMF,West Ham,2.2,11,5,7,0,0,2,2,0,0,0,0,0,0,0,0,0
Rodrigo Bentancur,MF,Tottenham,2.8,3,1.07,3,0,0,0,0,0,0,0,0,0,0,0,0,0
Yves Bissouma,MF,Tottenham,0.2,3,12.27,1,0,0,1,0,1,0,0,0,0,0,0,0,0
Sven Botman,DF,Newcastle Utd,2,1,0.5,1,0,0,0,0,0,0,0,0,0,0,0,0,0
Jarrod Bowen,FWMF,West Ham,2.9,4,1.37,1,1,0,2,0,0,0,0,0,0,0,0,0,0
Armando Broja,FW,Chelsea,0.2,1,5.29,0,0,0,0,1,0,0,0,0,0,0,0,0,0
Dan Burn,DF,Newcastle Utd,3,3,1,3,0,0,0,0,0,0,0,0,0,0,0,0,0
Cafú,MF,Nott'ham Forest,0.1,0,0,0,0,0,0,0,0,0,0,0,0,0,0,0,0
Moisés Caicedo,MF,Brighton,3,4,1.33,4,0,0,0,0,0,0,0,0,0,0,0,0,0
Tom Cairney,MF,Fulham,0.2,1,4.29,1,0,0,0,0,0,0,0,0,0,0,0,0,0
Chem Campbell,FW,Wolves,0.1,0,0,0,0,0,0,0,0,0,0,0,0,0,0,0,0
João Cancelo,DF,Manchester City,3,7,2.33,6,0,0,0,0,1,0,0,0,0,0,0,0,0
Diego Carlos,DF,Aston Villa,2,1,0.5,0,0,0,1,0,0,0,0,0,0,0,0,0,0
Matty Cash,DF,Aston Villa,3,9,3.01,8,0,1,0,0,0,0,0,0,0,0,0,0,0
Timothy Castagne,DF,Leicester City,3,2,0.67,2,0,0,0,0,0,0,0,0,0,0,0,0,0
Jonny Castro,DF,Wolves,2.9,2,0.7,2,0,0,0,0,0,0,0,0,0,0,0,0,0
Calum Chambers,DF,Aston Villa,0,0,0,0,0,0,0,0,0,0,0,0,0,0,0,0,0
Ryan Christie,MFFW,Bournemouth,1,3,2.9,2,0,0,0,1,0,0,0,0,0,0,0,0,0
Nathaniel Clyne,DF,Crystal Palace,2,2,1,2,0,0,0,0,0,0,0,0,0,0,0,0,0
Conor Coady,DF,Everton,1.9,3,1.59,3,0,0,0,0,0,0,0,0,0,0,0,0,0
Jack Colback,MF,Nott'ham Forest,1,0,0,0,0,0,0,0,0,0,0,0,0,0,0,0,0
Nathan Collins,DF,Wolves,3,0,0,0,0,0,0,0,0,0,0,0,0,0,0,0,0
Levi Colwill,DF,Brighton,0,0,0,0,0,0,0,0,0,0,0,0,0,0,0,0,0
Lewis Cook,MF,Bournemouth,1.4,0,0,0,0,0,0,0,0,0,0,0,0,0,0,0,0
Steve Cook,DF,Nott'ham Forest,1.1,0,0,0,0,0,0,0,0,0,0,0,0,0,0,0,0
Maxwel Cornet,FW,West Ham,0.2,0,0,0,0,0,0,0,0,0,0,0,0,0,0,0,0
Vladimír Coufal,DF,West Ham,2.8,4,1.42,3,0,0,0,1,0,0,0,0,0,0,0,0,0
Philippe Coutinho,MFFW,Aston Villa,1.7,4,2.29,3,0,1,0,0,0,0,0,0,0,0,0,0,0
Conor Coventry,MF,West Ham,0,0,0,0,0,0,0,0,0,0,0,0,0,0,0,0,0
Aaron Cresswell,DF,West Ham,3,10,3.33,6,4,0,0,0,0,0,0,0,0,0,0,0,0
Marc Cucurella,DF,Chelsea,2.2,7,3.21,3,3,1,0,0,0,1,0.46,0,1,0,0,0,0
Patson Daka,FW,Leicester City,0.8,0,0,0,0,0,0,0,0,0,0,0,0,0,0,0,0
Diogo Dalot,DF,Manchester Utd,2.9,9,3.06,8,0,0,1,0,0,0,0,0,0,0,0,0,0
Tom Davies,MF,Everton,1.2,3,2.41,3,0,0,0,0,0,0,0,0,0,0,0,0,0
Leander Dendoncker,MF,Wolves,2.4,4,1.69,4,0,0,0,0,0,0,0,0,0,0,0,0,0
Kiernan Dewsbury-Hall,MF,Leicester City,2.8,5,1.79,3,0,1,0,1,0,0,0,0,0,0,0,0,0
Ibrahima Diallo,MF,Southampton,0.2,0,0,0,0,0,0,0,0,0,0,0,0,0,0,0,0
Rúben Dias,DF,Manchester City,2.5,2,0.81,1,0,0,1,0,0,0,0,0,0,0,0,0,0
Eric Dier,DF,Tottenham,3,1,0.33,1,0,0,0,0,0,0,0,0,0,0,0,0,0
Lucas Digne,DF,Aston Villa,3,5,1.67,4,1,0,0,0,0,0,0,0,0,0,0,0,0
Matt Doherty,DF,Tottenham,0,0,0,0,0,0,0,0,0,0,0,0,0,0,0,0,0
Gabriel Dos Santos,DF,Arsenal,3,1,0.33,1,0,0,0,0,0,0,0,0,0,0,0,0,0
Abdoulaye Doucouré,MF,Everton,1.4,2,1.45,1,0,0,1,0,0,0,0,0,0,0,0,0,0
Cheick Doucouré,MF,Crystal Palace,2.7,3,1.12,3,0,0,0,0,0,0,0,0,0,0,0,0,0
Flynn Downes,MF,West Ham,0,0,0,0,0,0,0,0,0,0,0,0,0,0,0,0,0
Shane Duffy,DFFW,Fulham,0,0,0,0,0,0,0,0,0,0,0,0,0,0,0,0,0
Lewis Dunk,DF,Brighton,3,0,0,0,0,0,0,0,0,0,0,0,0,0,0,0,0
Malcolm Ebiowei,FW,Crystal Palace,0.1,0,0,0,0,0,0,0,0,0,0,0,0,0,0,0,0
Ederson,GK,Manchester City,3,0,0,0,0,0,0,0,0,0,0,0,0,0,0,0,0
Mohamed Elyounoussi,MFFW,Southampton,1.7,2,1.2,2,0,0,0,0,0,0,0,0,0,0,0,0,0
Christian Eriksen,MFFW,Manchester Utd,2.9,6,2.07,5,1,0,0,0,0,0,0,0,0,0,0,0,0
Pervis Estupiñán,DF,Brighton,0.3,2,6.43,2,0,0,0,0,0,0,0,0,0,0,0,0,0
Jonny Evans,DF,Leicester City,3,1,0.33,1,0,0,0,0,0,0,0,0,0,0,0,0,0
Łukasz Fabiański,GK,West Ham,2.3,1,0.43,0,1,0,0,0,0,0,0,0,0,0,0,0,0
Fabinho,MF,Liverpool,2,6,3,6,0,0,0,0,0,0,0,0,0,0,0,0,0
Bruno Fernandes,MF,Manchester Utd,3,10,3.35,9,1,0,0,0,0,0,0,0,0,0,0,0,0
Roberto Firmino,FW,Liverpool,1.6,1,0.64,1,0,0,0,0,0,0,0,0,0,0,0,0,0
Wesley Fofana,DF,Leicester City,2,2,1,1,0,0,0,0,1,0,0,0,0,0,0,0,0
Pablo Fornals,MFFW,West Ham,2.4,10,4.13,9,0,0,1,0,0,0,0,0,0,0,0,0,0
Adam Forshaw,MF,Leeds United,0.4,0,0,0,0,0,0,0,0,0,0,0,0,0,0,0,0
Tyrese Francois,FW,Fulham,0,0,0,0,0,0,0,0,0,0,0,0,0,0,0,0,0
Ryan Fraser,FW,Newcastle Utd,0.1,1,9,1,0,0,0,0,0,0,0,0,0,0,0,0,0
Fred,MF,Manchester Utd,1.3,1,0.77,1,0,0,0,0,0,0,0,0,0,0,0,0,0
Conor Gallagher,MF,Chelsea,0.8,3,3.86,3,0,0,0,0,0,0,0,0,0,0,0,0,0
Alejandro Garnacho,MF,Manchester Utd,0,0,0,0,0,0,0,0,0,0,0,0,0,0,0,0,0
David de Gea,GK,Manchester Utd,3,0,0,0,0,0,0,0,0,0,0,0,0,0,0,0,0
Joe Gelhardt,FW,Leeds United,0.2,0,0,0,0,0,0,0,0,0,0,0,0,0,0,0,0
Saman Ghoddos,FW,Brentford,0.1,0,0,0,0,0,0,0,0,0,0,0,0,0,0,0,0
Morgan Gibbs-White,FW,Wolves,2,3,1.5,1,1,1,0,0,0,0,0,0,0,0,0,0,0
Morgan Gibbs-White,MF,Nott'ham Forest,0.3,0,0,0,0,0,0,0,0,0,0,0,0,0,0,0,0
Ben Godfrey,DF,Everton,0.2,0,0,0,0,0,0,0,0,0,0,0,0,0,0,0,0
Joe Gomez,DF,Liverpool,1.3,0,0,0,0,0,0,0,0,0,0,0,0,0,0,0,0
Anthony Gordon,FW,Everton,3,9,3,5,0,0,3,0,1,0,0,0,0,0,0,0,0
Demarai Gray,FW,Everton,2.9,8,2.77,5,1,1,1,0,0,0,0,0,0,0,0,0,0
Jack Grealish,FW,Manchester City,1.5,5,3.33,5,0,0,0,0,0,0,0,0,0,0,0,0,0
Sam Greenwood,MFFW,Leeds United,0.3,1,3.46,1,0,0,0,0,0,0,0,0,0,0,0,0,0
Vicente Guaita,GK,Crystal Palace,3,0,0,0,0,0,0,0,0,0,0,0,0,0,0,0,0
Gonçalo Guedes,FW,Wolves,1.3,7,5.58,3,1,1,1,1,0,0,0,0,0,0,0,0,0
Marc Guéhi,DF,Crystal Palace,3,4,1.33,3,0,0,1,0,0,0,0,0,0,0,0,0,0
Bruno Guimarães,MF,Newcastle Utd,3,9,3.01,7,0,0,0,1,1,0,0,0,0,0,0,0,0
Dean Henderson,GK,Nott'ham Forest,3,0,0,0,0,0,0,0,0,0,0,0,0,0,0,0,0
Jordan Henderson,MF,Liverpool,2,5,2.56,5,0,0,0,0,0,0,0,0,0,0,0,0,0
Aaron Hickey,DF,Brentford,2.4,0,0,0,0,0,0,0,0,0,0,0,0,0,0,0,0
Will Hughes,MF,Crystal Palace,0.3,1,3.46,1,0,0,0,0,0,0,0,0,0,0,0,0,0
Alex Iwobi,MF,Everton,3,13,4.33,11,0,2,0,0,0,0,0,0,0,0,0,0,0
Daniel James,FW,Leeds United,1.4,1,0.72,1,0,0,0,0,0,0,0,0,0,0,0,0,0
Reece James,DF,Chelsea,3,9,3,5,3,0,1,0,0,0,0,0,0,0,0,0,0
Vitaly Janelt,MFDF,Brentford,1.7,6,3.6,2,0,2,1,0,1,0,0,0,0,0,0,0,0
Pontus Jansson,DF,Brentford,3,0,0,0,0,0,0,0,0,0,0,0,0,0,0,0,0
Raúl Jiménez,FW,Wolves,0.4,0,0,0,0,0,0,0,0,0,0,0,0,0,0,0,0
Ben Johnson,DF,West Ham,2.2,2,0.92,2,0,0,0,0,0,0,0,0,0,0,0,0,0
Brennan Johnson,FW,Nott'ham Forest,3,2,0.67,0,0,0,1,0,1,0,0,0,0,0,0,0,0
Jorginho,MF,Chelsea,2.5,5,2.01,5,0,0,0,0,0,0,0,0,0,0,0,0,0
James Justin,DF,Leicester City,3,2,0.67,2,0,0,0,0,0,0,0,0,0,0,0,0,0
Boubacar Kamara,MF,Aston Villa,2.9,2,0.69,2,0,0,0,0,0,0,0,0,0,0,0,0,0
Harry Kane,FW,Tottenham,3,10,3.33,8,0,0,1,1,0,0,0,0,0,0,0,0,0
Thilo Kehrer,DF,West Ham,1,0,0,0,0,0,0,0,0,0,0,0,0,0,0,0,0
Max Kilman,DF,Wolves,3,1,0.33,1,0,0,0,0,0,0,0,0,0,0,0,0,0
Mateusz Klich,MF,Leeds United,0.5,3,6.59,3,0,0,0,0,0,0,0,0,0,0,0,0,0
Robin Koch,DF,Leeds United,3,1,0.33,1,0,0,0,0,0,0,0,0,0,0,0,0,0
Ezri Konsa,DF,Aston Villa,2,0,0,0,0,0,0,0,0,0,0,0,0,0,0,0,0
Cheikhou Kouyaté,MF,Nott'ham Forest,0.1,1,12.86,1,0,0,0,0,0,0,0,0,0,0,0,0,0
Emil Krafth,DF,Newcastle Utd,0,0,0,0,0,0,0,0,0,0,0,0,0,0,0,0,0
Adam Lallana,MF,Brighton,2.2,8,3.58,8,0,0,0,0,0,0,0,0,0,0,0,0,0
Tariq Lamptey,DF,Brighton,0.4,0,0,0,0,0,0,0,0,0,0,0,0,0,0,0,0
Manuel Lanzini,MFFW,West Ham,1,1,0.96,0,0,0,1,0,0,0,0,0,0,0,0,0,0
Roméo Lavia,MF,Southampton,3,3,1,3,0,0,0,0,0,0,0,0,0,0,0,0,0
Clément Lenglet,DF,Tottenham,0.1,0,0,0,0,0,0,0,0,0,0,0,0,0,0,0,0
Bernd Leno,GK,Fulham,1,0,0,0,0,0,0,0,0,0,0,0,0,0,0,0,0
Jefferson Lerma,DFMF,Bournemouth,3,0,0,0,0,0,0,0,0,0,0,0,0,0,0,0,0
Rico Lewis,DF,Manchester City,0.1,0,0,0,0,0,0,0,0,0,0,0,0,0,0,0,0
Diego Llorente,DF,Leeds United,3,2,0.67,2,0,0,0,0,0,0,0,0,0,0,0,0,0
Hugo Lloris,GK,Tottenham,3,1,0.33,1,0,0,0,0,0,0,0,0,0,0,0,0,0
Ruben Loftus-Cheek,DFMF,Chelsea,2.3,9,3.93,4,0,3,1,1,0,0,0,0,0,0,0,0,0
Sean Longstaff,MF,Newcastle Utd,0.5,1,1.91,1,0,0,0,0,0,0,0,0,0,0,0,0,0
Jamal Lowe,FW,Bournemouth,0,0,0,0,0,0,0,0,0,0,0,0,0,0,0,0,0
Douglas Luiz,MF,Aston Villa,0.3,4,13.33,2,1,0,1,0,0,0,0,0,0,0,0,0,0
Lyanco,MF,Southampton,0,0,0,0,0,0,0,0,0,0,0,0,0,0,0,0,0
Alexis Mac Allister,MF,Brighton,3,3,1,2,0,0,1,0,0,0,0,0,0,0,0,0,0
Harry Maguire,DF,Manchester Utd,2,2,1,2,0,0,0,0,0,0,0,0,0,0,0,0,0
Tyrell Malacia,DF,Manchester Utd,1.5,0,0,0,0,0,0,0,0,0,0,0,0,0,0,0,0
Orel Mangala,MF,Nott'ham Forest,1.7,2,1.18,2,0,0,0,0,0,0,0,0,0,0,0,0,0
Emiliano Martínez,GK,Aston Villa,3,0,0,0,0,0,0,0,0,0,0,0,0,0,0,0,0
Lisandro Martínez,DF,Manchester Utd,2.5,2,0.8,1,0,0,1,0,0,0,0,0,0,0,0,0,0
Jean-Philippe Mateta,FW,Crystal Palace,0.6,1,1.67,0,0,0,1,0,0,0,0,0,0,0,0,0,0
Joël Matip,DF,Liverpool,1,0,0,0,0,0,0,0,0,0,0,0,0,0,0,0,0
Bryan Mbeumo,FWDF,Brentford,2.8,5,1.79,2,3,0,0,0,0,1,0.36,0,1,0,0,0,0
John McGinn,MF,Aston Villa,2.8,5,1.79,3,2,0,0,0,0,0,0,0,0,0,0,0,0
Scott McKenna,DF,Nott'ham Forest,3,0,0,0,0,0,0,0,0,0,0,0,0,0,0,0,0
Dwight McNeil,FW,Everton,1.7,7,4.01,5,2,0,0,0,0,0,0,0,0,0,0,0,0
Scott McTominay,MF,Manchester Utd,2.4,6,2.55,5,0,0,1,0,0,0,0,0,0,0,0,0,0
Ben Mee,DF,Brentford,2.6,0,0,0,0,0,0,0,0,0,0,0,0,0,0,0,0
Edouard Mendy,GK,Chelsea,3,0,0,0,0,0,0,0,0,0,0,0,0,0,0,0,0
Chris Mepham,DF,Bournemouth,3,0,0,0,0,0,0,0,0,0,0,0,0,0,0,0,0
Illan Meslier,GK,Leeds United,3,0,0,0,0,0,0,0,0,0,0,0,0,0,0,0,0
Alexander Mighten,FW,Nott'ham Forest,0.1,0,0,0,0,0,0,0,0,0,0,0,0,0,0,0,0
Luka Milivojević,MF,Crystal Palace,0.4,0,0,0,0,0,0,0,0,0,0,0,0,0,0,0,0
Yerry Mina,DF,Everton,0.8,0,0,0,0,0,0,0,0,0,0,0,0,0,0,0,0
Kaoru Mitoma,DF,Brighton,0.2,3,15.88,2,0,1,0,0,0,0,0,0,0,0,0,0,0
Kieffer Moore,FW,Bournemouth,3,1,0.33,1,0,0,0,0,0,0,0,0,0,0,0,0,0
Mason Mount,MFFW,Chelsea,2.6,7,2.74,5,2,0,0,0,0,0,0,0,0,0,0,0,0
Lucas Moura,DFFW,Tottenham,0.2,0,0,0,0,0,0,0,0,0,0,0,0,0,0,0,0
João Moutinho,MF,Wolves,0.6,6,9.47,4,2,0,0,0,0,0,0,0,0,0,0,0,0
Jacob Murphy,FW,Newcastle Utd,0.3,0,0,0,0,0,0,0,0,0,0,0,0,0,0,0,0
Enock Mwepu,MFFW,Brighton,0.5,2,3.83,2,0,0,0,0,0,0,0,0,0,0,0,0,0
Vitaliy Mykolenko,DF,Everton,3,6,2,5,0,0,0,1,0,0,0,0,0,0,0,0,0
Wilfred Ndidi,MF,Leicester City,3,2,0.67,2,0,0,0,0,0,0,0,0,0,0,0,0,0
Rúben Neves,MF,Wolves,3,10,3.33,8,0,0,0,1,1,0,0,0,0,0,0,0,0
Moussa Niakhate,DF,Nott'ham Forest,1.8,0,0,0,0,0,0,0,0,0,0,0,0,0,0,0,0
Rasmus Nissen,DF,Leeds United,3,4,1.33,3,1,0,0,0,0,0,0,0,0,0,0,0,0
Eddie Nketiah,FW,Arsenal,0.4,3,8.44,3,0,0,0,0,0,0,0,0,0,0,0,0,0
Christian Nørgaard,MF,Brentford,2.7,3,1.12,3,0,0,0,0,0,0,0,0,0,0,0,0,0
Matheus Nunes,MF,Wolves,1,3,3,2,0,0,1,0,0,0,0,0,0,0,0,0,0
Lewis O'Brien,MF,Nott'ham Forest,2.8,8,2.83,5,0,1,0,1,1,0,0,0,0,0,0,0,0
Michael Olise,FW,Crystal Palace,0.3,1,3.75,0,1,0,0,0,0,0,0,0,0,0,0,0,0
Amadou Onana,MF,Everton,0.5,0,0,0,0,0,0,0,0,0,0,0,0,0,0,0,0
Frank Onyeka,MF,Brentford,0.1,0,0,0,0,0,0,0,0,0,0,0,0,0,0,0,0
João Palhinha,MF,Fulham,3,1,0.33,0,0,0,1,0,0,0,0,0,0,0,0,0,0
Cole Palmer,MF,Manchester City,0,0,0,0,0,0,0,0,0,0,0,0,0,0,0,0,0
Thomas Partey,MF,Arsenal,3,6,2,4,0,1,1,0,0,0,0,0,0,0,0,0,0
Nathan Patterson,DF,Everton,3,5,1.67,3,0,0,0,1,1,0,0,0,0,0,0,0,0
Ben Pearson,MF,Bournemouth,2.3,0,0,0,0,0,0,0,0,0,0,0,0,0,0,0,0
Andreas Pereira,MF,Fulham,2.9,12,4.11,5,6,0,0,1,0,1,0.34,0,1,0,0,0,0
Romain Perraud,DF,Southampton,0.2,1,4.74,0,0,0,1,0,0,0,0,0,0,0,0,0,0
Kalvin Phillips,MF,Manchester City,0,0,0,0,0,0,0,0,0,0,0,0,0,0,0,0,0
Nathaniel Phillips,DF,Liverpool,0.7,1,1.45,1,0,0,0,0,0,0,0,0,0,0,0,0,0
Daniel Podence,MFFW,Wolves,2.6,7,2.65,7,0,0,0,0,0,0,0,0,0,0,0,0,0
Nick Pope,GK,Newcastle Utd,3,0,0,0,0,0,0,0,0,0,0,0,0,0,0,0,0
Dennis Praet,MF,Leicester City,0.3,0,0,0,0,0,0,0,0,0,0,0,0,0,0,0,0
Christian Pulisic,MFFW,Chelsea,0.7,0,0,0,0,0,0,0,0,0,0,0,0,0,0,0,0
Aaron Ramsdale,GK,Arsenal,3,0,0,0,0,0,0,0,0,0,0,0,0,0,0,0,0
Jacob Ramsey,MF,Aston Villa,2.5,6,2.41,5,0,1,0,0,0,0,0,0,0,0,0,0,0
Marcus Rashford,FW,Manchester Utd,2.9,6,2.04,3,0,2,0,1,0,0,0,0,0,0,0,0,0
David Raya,GK,Brentford,3,1,0.33,0,1,0,0,0,0,0,0,0,0,0,0,0,0
Tim Ream,DF,Fulham,3,3,1,3,0,0,0,0,0,0,0,0,0,0,0,0,0
Nathan Redmond,DF,Southampton,0,0,0,0,0,0,0,0,0,0,0,0,0,0,0,0,0
Bobby Reid,FW,Fulham,3,4,1.34,2,0,0,1,1,0,0,0,0,0,0,0,0,0
Declan Rice,MF,West Ham,3,5,1.67,4,0,1,0,0,0,0,0,0,0,0,0,0,0
Chris Richards,DF,Crystal Palace,0.1,2,13.85,0,1,0,1,0,0,0,0,0,0,0,0,0,0
Richarlison,MFFW,Tottenham,0.5,0,0,0,0,0,0,0,0,0,0,0,0,0,0,0,0
Andrew Robertson,DF,Liverpool,2.6,2,0.76,0,2,0,0,0,0,0,0,0,0,0,0,0,0
Antonee Robinson,DF,Fulham,3,5,1.67,4,0,0,0,0,1,0,0,0,0,0,0,0,0
Marek Rodák,GK,Fulham,2,0,0,0,0,0,0,0,0,0,0,0,0,0,0,0,0
Mads Roerslev,DF,Brentford,1,0,0,0,0,0,0,0,0,0,0,0,0,0,0,0,0
Cristian Romero,DF,Tottenham,2,0,0,0,0,0,0,0,0,0,0,0,0,0,0,0,0
Oriol Romeu,MF,Southampton,0.8,1,1.22,1,0,0,0,0,0,0,0,0,0,0,0,0,0
Cristiano Ronaldo,FW,Manchester Utd,1.5,6,4.06,5,0,0,1,0,0,0,0,0,0,0,0,0,0
Salomón Rondón,FW,Everton,0.9,3,3.25,3,0,0,0,0,0,0,0,0,0,0,0,0,0
José Sá,GK,Wolves,3,0,0,0,0,0,0,0,0,0,0,0,0,0,0,0,0
Mohamed Salah,FW,Liverpool,3,13,4.33,11,0,1,1,0,0,0,0,0,0,0,0,0,0
William Saliba,DF,Arsenal,3,1,0.33,1,0,0,0,0,0,0,0,0,0,0,0,0,0
Mohammed Salisu,DF,Southampton,3,4,1.33,2,1,1,0,0,0,1,0.33,0,1,0,0,0,0
Albert Sambi Lokonga,MF,Arsenal,0,0,0,0,0,0,0,0,0,0,0,0,0,0,0,0,0
Davinson Sánchez,DF,Tottenham,1,1,1,1,0,0,0,0,0,0,0,0,0,0,0,0,0
Robert Sánchez,GK,Brighton,3,0,0,0,0,0,0,0,0,0,0,0,0,0,0,0,0
Gianluca Scamacca,FW,West Ham,0.9,1,1.06,1,0,0,0,0,0,0,0,0,0,0,0,0,0
Fabian Schär,DF,Newcastle Utd,3,1,0.33,1,0,0,0,0,0,0,0,0,0,0,0,0,0
Nélson Semedo,DF,Wolves,0.4,2,5.45,1,0,0,1,0,0,0,0,0,0,0,0,0,0
Marcos Senesi,DF,Bournemouth,0.6,0,0,0,0,0,0,0,0,0,0,0,0,0,0,0,0
Ryan Sessegnon,DF,Tottenham,1.5,1,0.66,0,0,0,0,0,1,0,0,0,0,0,0,0,0
Luke Shaw,DF,Manchester Utd,1.5,4,2.69,3,1,0,0,0,0,0,0,0,0,0,0,0,0
Thiago Silva,DF,Chelsea,3,1,0.33,1,0,0,0,0,0,0,0,0,0,0,0,0,0
Luis Sinisterra,FW,Leeds United,0.3,0,0,0,0,0,0,0,0,0,0,0,0,0,0,0,0
Adam Smith,DF,Bournemouth,3,3,1,3,0,0,0,0,0,0,0,0,0,0,0,0,0
Emile Smith Rowe,MFFW,Arsenal,0.3,2,7.5,1,1,0,0,0,0,0,0,0,0,0,0,0,0
Dominic Solanke,FW,Bournemouth,1,0,0,0,0,0,0,0,0,0,0,0,0,0,0,0,0
Tomáš Souček,MF,West Ham,3,7,2.33,4,0,0,3,0,0,0,0,0,0,0,0,0,0
Jack Stacey,DF,Bournemouth,1,0,0,0,0,0,0,0,0,0,0,0,0,0,0,0,0
Junior Stanislas,MF,Bournemouth,0.3,1,3.1,1,0,0,0,0,0,0,0,0,0,0,0,0,0
Jack Stephens,DF,Southampton,0.5,1,1.96,1,0,0,0,0,0,0,0,0,0,0,0,0,0
John Stones,DF,Manchester City,1.3,0,0,0,0,0,0,0,0,0,0,0,0,0,0,0,0
Crysencio Summerville,FW,Leeds United,0.1,0,0,0,0,0,0,0,0,0,0,0,0,0,0,0,0
Sam Surridge,FW,Nott'ham Forest,0.9,0,0,0,0,0,0,0,0,0,0,0,0,0,0,0,0
Matt Targett,DF,Newcastle Utd,1,5,5,5,0,0,0,0,0,0,0,0,0,0,0,0,0
James Tarkowski,DF,Everton,3,2,0.67,2,0,0,0,0,0,0,0,0,0,0,0,0,0
Marcus Tavernier,FWMF,Bournemouth,2.8,4,1.42,2,1,0,0,1,0,0,0,0,0,0,0,0,0
Youri Tielemans,MF,Leicester City,2,2,1.01,2,0,0,0,0,0,0,0,0,0,0,0,0,0
Kieran Tierney,DFFW,Arsenal,0.3,0,0,0,0,0,0,0,0,0,0,0,0,0,0,0,0
Harry Toffolo,DF,Nott'ham Forest,3,7,2.33,6,1,0,0,0,0,0,0,0,0,0,0,0,0
Takehiro Tomiyasu,DF,Arsenal,0.4,1,2.81,0,1,0,0,0,0,0,0,0,0,0,0,0,0
Adama Traoré,DFFW,Wolves,0.4,0,0,0,0,0,0,0,0,0,0,0,0,0,0,0,0
Mark Travers,GK,Bournemouth,3,0,0,0,0,0,0,0,0,0,0,0,0,0,0,0,0
Kieran Trippier,DF,Newcastle Utd,3,7,2.33,3,4,0,0,0,0,0,0,0,0,0,0,0,0
Kostas Tsimikas,DF,Liverpool,0.4,0,0,0,0,0,0,0,0,0,0,0,0,0,0,0,0
Deniz Undav,FW,Brighton,0,0,0,0,0,0,0,0,0,0,0,0,0,0,0,0,0
Yan Valery,DF,Southampton,0.5,0,0,0,0,0,0,0,0,0,0,0,0,0,0,0,0
Virgil van Dijk,DF,Liverpool,3,2,0.67,2,0,0,0,0,0,0,0,0,0,0,0,0,0
Raphaël Varane,DF,Manchester Utd,1.5,1,0.67,1,0,0,0,0,0,0,0,0,0,0,0,0,0
Joël Veltman,DF,Brighton,3,2,0.67,2,0,0,0,0,0,0,0,0,0,0,0,0,0
Rúben Vinagre,DF,Everton,0.2,0,0,0,0,0,0,0,0,0,0,0,0,0,0,0,0
Kyle Walker,DF,Manchester City,2.9,5,1.72,5,0,0,0,0,0,0,0,0,0,0,0,0,0
Aaron Wan-Bissaka,DF,Manchester Utd,0.1,0,0,0,0,0,0,0,0,0,0,0,0,0,0,0,0
Danny Ward,GK,Leicester City,3,1,0.33,1,0,0,0,0,0,0,0,0,0,0,0,0,0
Joel Ward,DF,Crystal Palace,2,0,0,0,0,0,0,0,0,0,0,0,0,0,0,0,0
Adam Webster,DF,Brighton,3,2,0.67,1,1,0,0,0,0,0,0,0,0,0,0,0,0
Neco Williams,DF,Nott'ham Forest,3,8,2.67,3,3,2,0,0,0,0,0,0,0,0,0,0,0
Joe Willock,MF,Newcastle Utd,2.5,1,0.4,1,0,0,0,0,0,0,0,0,0,0,0,0,0
Callum Wilson,FW,Newcastle Utd,2.7,2,0.74,2,0,0,0,0,0,0,0,0,0,0,0,0,0
Chris Wood,FW,Newcastle Utd,0.3,0,0,0,0,0,0,0,0,0,0,0,0,0,0,0,0
Joe Worrall,DF,Nott'ham Forest,3,0,0,0,0,0,0,0,0,0,0,0,0,0,0,0,0
Ashley Young,DF,Aston Villa,0,0,0,0,0,0,0,0,0,0,0,0,0,0,0,0,0
Jordan Zemura,DF,Bournemouth,2,4,2,2,1,1,0,0,0,0,0,0,0,0,0,0,0
Hakim Ziyech,MF,Chelsea,0.3,2,6.67,2,0,0,0,0,0,0,0,0,0,0,0,0,0
Kurt Zouma,DF,West Ham,3,0,0,0,0,0,0,0,0,0,0,0,0,0,0,0,0