Player,Pos,Squad,Playing Time,Playing Time,Playing Time,Playing Time,Performance,Performance,Performance,Performance,Performance,Performance,Performance,Per 90 Minutes,Per 90 Minutes,Per 90 Minutes,Per 90 Minutes,Per 90 Minutes,Expected,Expected,Expected,Expected,Per 90 Minutes,Per 90 Minutes,Per 90 Minutes,Per 90 Minutes,Per 90 Minutes
Player,Pos,Squad,MP,Starts,Min,90s,Gls,Ast,G-PK,PK,PKatt,CrdY,CrdR,Gls,Ast,G+A,G-PK,G+A-PK,xG,npxG,xA,npxG+xA,xG,xA,xG+xA,npxG,npxG+xA
Brenden Aaronson,FWMF,Leeds United,3,3,255,2.8,1,0,1,0,0,1,0,0.35,0,0.35,0.35,0.35,1.1,1.1,0.2,1.3,0.39,0.06,0.45,0.39,0.45
Che Adams,FW,Southampton,2,1,122,1.4,2,0,2,0,0,0,0,1.48,0,1.48,1.48,1.48,0.4,0.4,0,0.4,0.28,0.03,0.31,0.28,0.31
Tyler Adams,MF,Leeds United,3,3,270,3,0,0,0,0,0,1,0,0,0,0,0,0,0,0,0.1,0.1,0.01,0.03,0.04,0.01,0.04
Tosin Adarabioyo,DF,Fulham,3,3,270,3,0,0,0,0,0,0,0,0,0,0,0,0,0,0,0,0,0,0,0,0,0
Rayan Aït Nouri,DF,Wolves,3,3,250,2.8,0,0,0,0,0,1,0,0,0,0,0,0,0.1,0.1,0.6,0.7,0.03,0.23,0.25,0.03,0.25
Nathan Aké,DF,Manchester City,3,3,200,2.2,0,0,0,0,0,0,0,0,0,0,0,0,0.2,0.2,0,0.2,0.07,0,0.07,0.07,0.07
Thiago Alcántara,MF,Liverpool,1,1,50,0.6,0,0,0,0,0,0,0,0,0,0,0,0,0,0,0.1,0.1,0,0.25,0.25,0,0.25
Trent Alexander-Arnold,DF,Liverpool,3,3,270,3,0,0,0,0,0,1,0,0,0,0,0,0,0.2,0.2,0.5,0.7,0.07,0.16,0.23,0.07,0.23
Alisson,GK,Liverpool,3,3,270,3,0,0,0,0,0,0,0,0,0,0,0,0,0,0,0,0,0,0,0,0,0
Dele Alli,FWMF,Everton,2,0,40,0.4,0,0,0,0,0,0,0,0,0,0,0,0,0,0,0,0,0,0,0,0,0
Miguel Almirón,FW,Newcastle Utd,3,3,252,2.8,1,0,1,0,0,0,0,0.36,0,0.36,0.36,0.36,0.7,0.7,0.6,1.3,0.26,0.2,0.47,0.26,0.47
Julián Álvarez,FW,Manchester City,2,0,30,0.3,0,0,0,0,0,0,0,0,0,0,0,0,0.1,0.1,0,0.1,0.18,0,0.18,0.18,0.18
Daniel Amartey,DF,Leicester City,3,3,242,2.7,0,0,0,0,0,0,0,0,0,0,0,0,0,0,0,0,0,0.01,0.01,0,0.01
Joachim Andersen,DF,Crystal Palace,3,3,270,3,0,0,0,0,0,1,0,0,0,0,0,0,0.4,0.4,0.4,0.8,0.14,0.14,0.28,0.14,0.28
Jaidon Anthony,FW,Bournemouth,1,0,45,0.5,0,0,0,0,0,0,0,0,0,0,0,0,0,0,0,0,0,0,0,0,0
Michail Antonio,FW,West Ham,3,3,198,2.2,0,0,0,0,0,0,0,0,0,0,0,0,0.3,0.3,0.1,0.4,0.16,0.04,0.2,0.16,0.2
Cameron Archer,MF,Aston Villa,1,0,10,0.1,0,0,0,0,0,0,0,0,0,0,0,0,0,0,0,0,0,0,0,0,0
Alphonse Areola,GK,West Ham,1,0,62,0.7,0,0,0,0,0,0,0,0,0,0,0,0,0,0,0,0,0,0,0,0,0
Joe Aribo,FWMF,Southampton,3,2,207,2.3,1,0,1,0,0,1,0,0.43,0,0.43,0.43,0.43,0.5,0.5,0.1,0.5,0.2,0.02,0.22,0.2,0.22
Adam Armstrong,FWMF,Southampton,3,2,144,1.6,0,1,0,0,0,0,0,0,0.62,0.62,0,0.62,0.1,0.1,0.3,0.3,0.04,0.18,0.22,0.04,0.22
Stuart Armstrong,MFFW,Southampton,3,1,126,1.4,0,0,0,0,0,0,0,0,0,0,0,0,0.2,0.2,0.2,0.4,0.11,0.18,0.29,0.11,0.29
Taiwo Awoniyi,FW,Nott'ham Forest,3,2,159,1.8,1,0,1,0,0,0,0,0.57,0,0.57,0.57,0.57,0.6,0.6,0.1,0.7,0.34,0.03,0.37,0.34,0.37
Jordan Ayew,FW,Crystal Palace,3,3,221,2.5,0,0,0,0,0,0,0,0,0,0,0,0,0.5,0.5,0.2,0.7,0.19,0.08,0.27,0.19,0.27
César Azpilicueta,DF,Chelsea,3,1,112,1.2,0,0,0,0,0,0,0,0,0,0,0,0,0,0,0.1,0.1,0,0.08,0.08,0,0.08
Leon Bailey,FW,Aston Villa,3,2,168,1.9,0,1,0,0,0,0,0,0,0.54,0.54,0,0.54,0.1,0.1,0.6,0.7,0.04,0.31,0.35,0.04,0.35
Patrick Bamford,FW,Leeds United,2,2,110,1.2,0,0,0,0,0,0,0,0,0,0,0,0,0.5,0.5,0,0.5,0.37,0,0.37,0.37,0.37
Shandon Baptiste,MF,Brentford,3,0,52,0.6,0,0,0,0,0,0,0,0,0,0,0,0,0.1,0.1,0.1,0.2,0.18,0.15,0.32,0.18,0.32
Harvey Barnes,MFFW,Leicester City,1,1,75,0.8,0,0,0,0,0,0,0,0,0,0,0,0,0.1,0.1,0,0.1,0.1,0,0.1,0.1,0.1
Gavin Bazunu,GK,Southampton,3,3,270,3,0,0,0,0,0,0,0,0,0,0,0,0,0,0,0,0,0,0,0,0,0
Mads Bech Sørensen,DF,Brentford,2,0,19,0.2,0,0,0,0,0,0,0,0,0,0,0,0,0,0,0,0,0,0,0,0,0
Jan Bednarek,DF,Southampton,2,2,159,1.8,0,0,0,0,0,0,0,0,0,0,0,0,0.1,0.1,0.1,0.2,0.07,0.04,0.11,0.07,0.11
Donny van de Beek,MF,Manchester Utd,3,0,22,0.2,0,0,0,0,0,0,0,0,0,0,0,0,0,0,0,0,0,0,0,0,0
Armel Bella Kotchap,DF,Southampton,2,2,180,2,0,1,0,0,0,0,0,0,0.5,0.5,0,0.5,0.2,0.2,0.1,0.3,0.09,0.04,0.13,0.09,0.13
Saïd Benrahma,FWMF,West Ham,3,2,198,2.2,0,0,0,0,0,0,0,0,0,0,0,0,0.2,0.2,0.5,0.7,0.11,0.23,0.33,0.11,0.33
Rodrigo Bentancur,MF,Tottenham,3,3,253,2.8,0,0,0,0,0,1,0,0,0,0,0,0,0,0,0,0,0,0,0,0,0
Philip Billing,MFFW,Bournemouth,3,2,181,2,0,0,0,0,0,1,0,0,0,0,0,0,0,0,0,0.1,0.02,0.02,0.04,0.02,0.04
Yves Bissouma,MF,Tottenham,3,0,22,0.2,0,0,0,0,0,1,0,0,0,0,0,0,0.1,0.1,0.1,0.2,0.28,0.48,0.76,0.28,0.76
Sven Botman,DF,Newcastle Utd,3,2,181,2,0,0,0,0,0,0,0,0,0,0,0,0,0.1,0.1,0.4,0.5,0.04,0.21,0.24,0.04,0.24
Jarrod Bowen,FWMF,West Ham,3,3,263,2.9,0,0,0,0,0,0,0,0,0,0,0,0,0.3,0.3,0,0.4,0.12,0.01,0.13,0.12,0.13
Armando Broja,FW,Chelsea,2,0,17,0.2,0,0,0,0,0,0,0,0,0,0,0,0,0,0,0,0,0.21,0,0.21,0.21,0.21
Emi Buendía,FWMF,Aston Villa,3,1,148,1.6,1,0,1,0,0,0,0,0.61,0,0.61,0.61,0.61,1.2,1.2,0.1,1.2,0.71,0.04,0.75,0.71,0.75
Dan Burn,DF,Newcastle Utd,3,3,269,3,0,0,0,0,0,0,0,0,0,0,0,0,0.4,0.4,0.1,0.5,0.12,0.05,0.17,0.12,0.17
Cafú,MF,Nott'ham Forest,1,0,7,0.1,0,0,0,0,0,0,0,0,0,0,0,0,0,0,0,0,0,0,0,0,0
Moisés Caicedo,MF,Brighton,3,3,270,3,0,0,0,0,0,0,0,0,0,0,0,0,0,0,0.1,0.2,0.01,0.05,0.06,0.01,0.06
Tom Cairney,MF,Fulham,3,0,21,0.2,0,0,0,0,0,0,0,0,0,0,0,0,0,0,0.1,0.1,0,0.6,0.6,0,0.6
Chem Campbell,FW,Wolves,1,0,6,0.1,0,0,0,0,0,0,0,0,0,0,0,0,0,0,0,0,0,0,0,0,0
João Cancelo,DF,Manchester City,3,3,270,3,0,0,0,0,0,2,0,0,0,0,0,0,0.1,0.1,0.1,0.2,0.02,0.04,0.06,0.02,0.06
Diego Carlos,DF,Aston Villa,2,2,179,2,0,0,0,0,0,0,0,0,0,0,0,0,0.3,0.3,0,0.3,0.13,0,0.13,0.13,0.13
Fabio Carvalho,FWMF,Liverpool,3,0,43,0.5,0,0,0,0,0,0,0,0,0,0,0,0,0.3,0.3,0,0.3,0.62,0,0.62,0.62,0.62
Matty Cash,DF,Aston Villa,3,3,269,3,0,0,0,0,0,0,0,0,0,0,0,0,0,0,0.2,0.3,0.01,0.08,0.1,0.01,0.1
Timothy Castagne,DF,Leicester City,3,3,270,3,1,0,1,0,0,0,0,0.33,0,0.33,0.33,0.33,0.1,0.1,0.1,0.1,0.02,0.02,0.04,0.02,0.04
Jonny Castro,DF,Wolves,3,3,257,2.9,0,0,0,0,0,0,0,0,0,0,0,0,0.1,0.1,0,0.1,0.03,0,0.03,0.03,0.03
Calum Chambers,DF,Aston Villa,1,0,1,0,0,0,0,0,0,0,0,0,0,0,0,0,0,0,0,0,0,0,0,0,0
Ben Chilwell,DF,Chelsea,2,1,78,0.9,0,0,0,0,0,0,0,0,0,0,0,0,0,0,0,0,0,0,0,0,0
Ryan Christie,MFFW,Bournemouth,3,1,93,1,0,0,0,0,0,0,0,0,0,0,0,0,0,0,0,0,0,0.05,0.05,0,0.05
Nathaniel Clyne,DF,Crystal Palace,2,2,180,2,0,0,0,0,0,1,0,0,0,0,0,0,0,0,0.1,0.1,0,0.03,0.03,0,0.03
Conor Coady,DF,Everton,2,2,170,1.9,0,0,0,0,0,0,0,0,0,0,0,0,0,0,0.1,0.1,0,0.04,0.04,0,0.04
Jack Colback,MF,Nott'ham Forest,1,1,90,1,0,0,0,0,0,0,0,0,0,0,0,0,0,0,0,0,0,0,0,0,0
Nathan Collins,DF,Wolves,3,3,270,3,0,0,0,0,0,1,0,0,0,0,0,0,0,0,0,0,0,0,0,0,0
Levi Colwill,DF,Brighton,1,0,1,0,0,0,0,0,0,0,0,0,0,0,0,0,0,0,0,0,0,0,0,0,0
Lewis Cook,MF,Bournemouth,3,1,127,1.4,0,0,0,0,0,0,0,0,0,0,0,0,0,0,0,0,0,0,0,0,0
Steve Cook,DF,Nott'ham Forest,2,1,102,1.1,0,0,0,0,0,0,0,0,0,0,0,0,0,0,0,0,0,0,0,0,0
Maxwel Cornet,FW,West Ham,2,0,22,0.2,0,0,0,0,0,0,0,0,0,0,0,0,0,0,0,0,0,0,0,0,0
Vladimír Coufal,DF,West Ham,3,3,254,2.8,0,0,0,0,0,0,0,0,0,0,0,0,0.1,0.1,0.1,0.2,0.02,0.04,0.06,0.02,0.06
Philippe Coutinho,MFFW,Aston Villa,3,2,157,1.7,0,0,0,0,0,1,0,0,0,0,0,0,0.2,0.2,0,0.2,0.11,0.02,0.13,0.11,0.13
Conor Coventry,MF,West Ham,1,0,1,0,0,0,0,0,0,0,0,0,0,0,0,0,0,0,0,0,0,0,0,0,0
Aaron Cresswell,DF,West Ham,3,3,270,3,0,0,0,0,0,1,0,0,0,0,0,0,0.1,0.1,0.6,0.8,0.04,0.21,0.26,0.04,0.26
Marc Cucurella,DF,Chelsea,3,2,196,2.2,0,1,0,0,0,1,0,0,0.46,0.46,0,0.46,0.2,0.2,0.3,0.5,0.1,0.15,0.25,0.1,0.25
Patson Daka,FW,Leicester City,3,0,72,0.8,0,0,0,0,0,1,0,0,0,0,0,0,0.1,0.1,0,0.1,0.14,0,0.14,0.14,0.14
Diogo Dalot,DF,Manchester Utd,3,3,265,2.9,0,0,0,0,0,1,0,0,0,0,0,0,0.5,0.5,0.3,0.8,0.18,0.09,0.26,0.18,0.26
Josh Dasilva,MF,Brentford,3,2,166,1.8,2,0,2,0,0,1,0,1.08,0,1.08,1.08,1.08,0.1,0.1,0,0.1,0.04,0,0.04,0.04,0.04
Ben Davies,DF,Tottenham,3,3,265,2.9,0,1,0,0,0,0,0,0,0.34,0.34,0,0.34,0.1,0.1,0.1,0.1,0.02,0.03,0.05,0.02,0.05
Tom Davies,MF,Everton,2,1,112,1.2,0,0,0,0,0,1,0,0,0,0,0,0,0.2,0.2,0.1,0.3,0.14,0.11,0.26,0.14,0.26
Kevin De Bruyne,MF,Manchester City,3,3,267,3,1,3,1,0,0,0,0,0.34,1.01,1.35,0.34,1.35,0.5,0.5,1.4,1.9,0.17,0.47,0.64,0.17,0.64
Leander Dendoncker,MF,Wolves,3,2,213,2.4,0,0,0,0,0,0,0,0,0,0,0,0,0.3,0.3,0,0.4,0.15,0.02,0.16,0.15,0.16
Halil Dervişoğlu,MF,Brentford,1,0,8,0.1,0,0,0,0,0,0,0,0,0,0,0,0,0,0,0,0,0.21,0,0.21,0.21,0.21
Kiernan Dewsbury-Hall,MF,Leicester City,3,3,252,2.8,1,0,1,0,0,0,0,0.36,0,0.36,0.36,0.36,0.1,0.1,0.1,0.1,0.02,0.03,0.05,0.02,0.05
Ibrahima Diallo,MF,Southampton,1,0,16,0.2,0,0,0,0,0,0,0,0,0,0,0,0,0,0,0,0,0.26,0,0.26,0.26,0.26
Rúben Dias,DF,Manchester City,3,2,223,2.5,0,0,0,0,0,0,0,0,0,0,0,0,0.3,0.3,0.1,0.4,0.12,0.04,0.17,0.12,0.17
Luis Díaz,FW,Liverpool,3,3,257,2.9,1,0,1,0,0,1,0,0.35,0,0.35,0.35,0.35,1.2,1.2,0,1.2,0.41,0,0.41,0.41,0.41
Eric Dier,DF,Tottenham,3,3,270,3,1,0,1,0,0,0,0,0.33,0,0.33,0.33,0.33,0.1,0.1,0.1,0.2,0.05,0.02,0.07,0.05,0.07
Lucas Digne,DF,Aston Villa,3,3,270,3,0,0,0,0,0,1,0,0,0,0,0,0,0.2,0.2,0.3,0.4,0.06,0.09,0.15,0.06,0.15
Moussa Djenepo,DF,Southampton,3,3,250,2.8,0,1,0,0,0,0,0,0,0.36,0.36,0,0.36,0.1,0.1,0.2,0.2,0.02,0.06,0.08,0.02,0.08
Matt Doherty,DF,Tottenham,1,0,4,0,0,0,0,0,0,0,0,0,0,0,0,0,0,0,0,0,0,0,0,0,0
Gabriel Dos Santos,DF,Arsenal,3,3,270,3,0,0,0,0,0,0,0,0,0,0,0,0,0.2,0.2,0,0.2,0.06,0,0.06,0.06,0.06
Abdoulaye Doucouré,MF,Everton,2,2,124,1.4,0,0,0,0,0,0,0,0,0,0,0,0,0.2,0.2,0,0.2,0.11,0,0.11,0.11,0.11
Cheick Doucouré,MF,Crystal Palace,3,3,242,2.7,0,0,0,0,0,0,0,0,0,0,0,0,0,0,0.8,0.8,0.02,0.28,0.3,0.02,0.3
Flynn Downes,MF,West Ham,1,0,1,0,0,0,0,0,0,0,0,0,0,0,0,0,0,0,0,0,0,0,0,0,0
Shane Duffy,DFFW,Fulham,2,0,2,0,0,0,0,0,0,0,0,0,0,0,0,0,0,0,0,0,0,0,0,0,0
Lewis Dunk,DF,Brighton,3,3,270,3,0,0,0,0,0,0,0,0,0,0,0,0,0.1,0.1,0,0.1,0.02,0,0.02,0.02,0.02
Malcolm Ebiowei,FW,Crystal Palace,1,0,5,0.1,0,0,0,0,0,0,0,0,0,0,0,0,0,0,0,0,0,0,0,0,0
Ederson,GK,Manchester City,3,3,270,3,0,0,0,0,0,0,0,0,0,0,0,0,0,0,0,0,0,0,0,0,0
Odsonne Édouard,FW,Crystal Palace,3,2,154,1.7,0,1,0,0,0,1,0,0,0.58,0.58,0,0.58,0.7,0.7,0.2,0.8,0.39,0.09,0.48,0.39,0.48
Anthony Elanga,FW,Manchester Utd,3,1,77,0.9,0,1,0,0,0,0,0,0,1.17,1.17,0,1.17,0.4,0.4,0.4,0.8,0.49,0.42,0.91,0.49,0.91
Harvey Elliott,MF,Liverpool,3,2,208,2.3,0,0,0,0,0,0,0,0,0,0,0,0,0.3,0.3,0.5,0.8,0.15,0.2,0.35,0.15,0.35
Mohamed Elyounoussi,MFFW,Southampton,2,2,150,1.7,0,0,0,0,0,1,0,0,0,0,0,0,0.1,0.1,0,0.1,0.05,0,0.05,0.05,0.05
Emerson,DF,Tottenham,3,3,257,2.9,0,1,0,0,0,0,0,0,0.35,0.35,0,0.35,0.2,0.2,0.2,0.4,0.09,0.07,0.15,0.09,0.15
Christian Eriksen,MFFW,Manchester Utd,3,3,261,2.9,0,0,0,0,0,0,0,0,0,0,0,0,0.5,0.5,0.1,0.6,0.16,0.05,0.21,0.16,0.21
Pervis Estupiñán,DF,Brighton,1,0,28,0.3,0,0,0,0,0,0,0,0,0,0,0,0,0,0,0.2,0.2,0,0.53,0.53,0,0.53
Jonny Evans,DF,Leicester City,3,3,270,3,0,0,0,0,0,0,0,0,0,0,0,0,0,0,0,0,0,0,0,0,0
Eberechi Eze,MFFW,Crystal Palace,3,3,252,2.8,0,1,0,0,0,0,0,0,0.36,0.36,0,0.36,0.5,0.5,0.6,1.2,0.19,0.22,0.41,0.19,0.41
Łukasz Fabiański,GK,West Ham,3,3,208,2.3,0,0,0,0,0,0,0,0,0,0,0,0,0,0,0,0,0,0,0,0,0
Fabinho,MF,Liverpool,3,2,180,2,0,0,0,0,0,0,0,0,0,0,0,0,0,0,0.1,0.1,0.02,0.03,0.05,0.02,0.05
Bruno Fernandes,MF,Manchester Utd,3,3,269,3,0,0,0,0,0,2,0,0,0,0,0,0,0.5,0.5,1,1.5,0.16,0.35,0.51,0.16,0.51
Roberto Firmino,FW,Liverpool,2,2,140,1.6,0,0,0,0,0,0,0,0,0,0,0,0,0,0,0.1,0.1,0.03,0.04,0.07,0.03,0.07
Phil Foden,FW,Manchester City,3,3,222,2.5,1,1,1,0,0,0,0,0.41,0.41,0.81,0.41,0.81,0.6,0.6,0.7,1.3,0.23,0.28,0.51,0.23,0.51
Wesley Fofana,DF,Leicester City,2,2,180,2,0,0,0,0,0,1,0,0,0,0,0,0,0.4,0.4,0,0.4,0.18,0,0.18,0.18,0.18
Pablo Fornals,MFFW,West Ham,3,3,218,2.4,0,0,0,0,0,0,0,0,0,0,0,0,0.1,0.1,0.2,0.3,0.05,0.06,0.12,0.05,0.12
Adam Forshaw,MF,Leeds United,2,0,33,0.4,0,0,0,0,0,0,0,0,0,0,0,0,0,0,0,0,0,0,0,0,0
Tyrese Francois,FW,Fulham,1,0,1,0,0,0,0,0,0,0,0,0,0,0,0,0,0,0,0,0,0,0,0,0,0
Ryan Fraser,FW,Newcastle Utd,1,0,10,0.1,0,0,0,0,0,0,0,0,0,0,0,0,0,0,0,0,0,0.28,0.28,0,0.28
Fred,MF,Manchester Utd,3,2,117,1.3,0,0,0,0,0,0,0,0,0,0,0,0,0,0,0,0,0.02,0,0.02,0.02,0.02
Conor Gallagher,MF,Chelsea,3,1,70,0.8,0,0,0,0,0,0,0,0,0,0,0,0,0,0,0.2,0.3,0.04,0.31,0.35,0.04,0.35
Alejandro Garnacho,MF,Manchester Utd,1,0,1,0,0,0,0,0,0,0,0,0,0,0,0,0,0,0,0,0,0,0,0,0,0
David de Gea,GK,Manchester Utd,3,3,270,3,0,0,0,0,0,0,0,0,0,0,0,0,0,0,0,0,0,0,0,0,0
Joe Gelhardt,FW,Leeds United,2,0,15,0.2,0,0,0,0,0,0,0,0,0,0,0,0,0,0,0,0,0,0,0,0,0
Saman Ghoddos,FW,Brentford,1,0,8,0.1,0,0,0,0,0,0,0,0,0,0,0,0,0,0,0,0,0,0,0,0,0
Morgan Gibbs-White,FW,Wolves,2,2,180,2,0,0,0,0,0,1,0,0,0,0,0,0,0.6,0.6,0.1,0.7,0.32,0.03,0.35,0.32,0.35
Morgan Gibbs-White,MF,Nott'ham Forest,1,0,30,0.3,0,0,0,0,0,0,0,0,0,0,0,0,0,0,0,0,0,0,0,0,0
Ben Godfrey,DF,Everton,1,1,17,0.2,0,0,0,0,0,0,0,0,0,0,0,0,0,0,0,0,0,0,0,0,0
Joe Gomez,DF,Liverpool,2,1,118,1.3,0,0,0,0,0,0,0,0,0,0,0,0,0,0,0,0,0,0,0,0,0
Anthony Gordon,FW,Everton,3,3,270,3,0,0,0,0,0,1,0,0,0,0,0,0,1,1,0.2,1.2,0.33,0.06,0.39,0.33,0.39
Demarai Gray,FW,Everton,3,3,260,2.9,1,0,1,0,0,0,0,0.35,0,0.35,0.35,0.35,1,1,0.1,1,0.33,0.03,0.36,0.33,0.36
Jack Grealish,FW,Manchester City,2,1,135,1.5,0,0,0,0,0,0,0,0,0,0,0,0,0.1,0.1,0.5,0.5,0.04,0.32,0.36,0.04,0.36
Sam Greenwood,MFFW,Leeds United,2,0,26,0.3,0,0,0,0,0,0,0,0,0,0,0,0,0.1,0.1,0,0.1,0.31,0,0.31,0.31,0.31
Pascal Groß,MFDF,Brighton,3,3,270,3,2,1,2,0,0,0,0,0.67,0.33,1,0.67,1,1.2,1.2,0.5,1.7,0.41,0.16,0.57,0.41,0.57
Vicente Guaita,GK,Crystal Palace,3,3,270,3,0,0,0,0,0,1,0,0,0,0,0,0,0,0,0,0,0,0,0,0,0
Gonçalo Guedes,FW,Wolves,2,1,113,1.3,0,0,0,0,0,0,0,0,0,0,0,0,0.2,0.2,0.1,0.3,0.14,0.07,0.21,0.14,0.21
Marc Guéhi,DF,Crystal Palace,3,3,270,3,0,0,0,0,0,0,0,0,0,0,0,0,0.1,0.1,0.4,0.4,0.02,0.12,0.15,0.02,0.15
Bruno Guimarães,MF,Newcastle Utd,3,3,269,3,0,0,0,0,0,1,0,0,0,0,0,0,0,0,0.4,0.4,0.01,0.13,0.14,0.01,0.14
İlkay Gündoğan,MF,Manchester City,3,3,231,2.6,2,0,2,0,0,0,0,0.78,0,0.78,0.78,0.78,1,1,0.5,1.5,0.37,0.2,0.57,0.37,0.57
Erling Haaland,FW,Manchester City,3,3,240,2.7,3,1,2,1,1,0,0,1.13,0.37,1.5,0.75,1.13,3,2.2,0.4,2.5,1.11,0.13,1.25,0.82,0.95
Jack Harrison,FW,Leeds United,3,3,255,2.8,1,3,1,0,0,2,0,0.35,1.06,1.41,0.35,1.41,0.5,0.5,0.7,1.3,0.19,0.26,0.45,0.19,0.45
Kai Havertz,FWMF,Chelsea,3,3,253,2.8,0,0,0,0,0,1,0,0,0,0,0,0,0.4,0.4,0.1,0.6,0.16,0.04,0.2,0.16,0.2
Hwang Hee-chan,FW,Wolves,3,2,151,1.7,0,1,0,0,0,0,0,0,0.6,0.6,0,0.6,0.4,0.4,0.5,0.9,0.25,0.29,0.53,0.25,0.53
Dean Henderson,GK,Nott'ham Forest,3,3,270,3,0,0,0,0,0,1,0,0,0,0,0,0,0,0,0,0,0,0,0,0,0
Jordan Henderson,MF,Liverpool,3,2,176,2,0,0,0,0,0,0,0,0,0,0,0,0,0.1,0.1,0.2,0.4,0.08,0.12,0.2,0.08,0.2
Rico Henry,DF,Brentford,3,3,270,3,0,1,0,0,0,0,0,0,0.33,0.33,0,0.33,0.2,0.2,0.1,0.3,0.06,0.04,0.1,0.06,0.1
Son Heung-min,MFFW,Tottenham,3,3,243,2.7,0,1,0,0,0,0,0,0,0.37,0.37,0,0.37,1,1,0.4,1.3,0.36,0.14,0.5,0.36,0.5
Aaron Hickey,DF,Brentford,3,3,220,2.4,0,0,0,0,0,0,0,0,0,0,0,0,0,0,0,0,0,0,0,0,0
Pierre Højbjerg,MF,Tottenham,3,3,270,3,1,0,1,0,0,1,0,0.33,0,0.33,0.33,0.33,0.1,0.1,0.6,0.7,0.03,0.21,0.23,0.03,0.23
Mason Holgate,DF,Everton,3,2,253,2.8,0,0,0,0,0,1,0,0,0,0,0,0,0.3,0.3,0.1,0.4,0.11,0.05,0.15,0.11,0.15
Will Hughes,MF,Crystal Palace,3,0,26,0.3,0,0,0,0,0,0,0,0,0,0,0,0,0.3,0.3,0,0.3,1.1,0,1.1,1.1,1.1
Kelechi Iheanacho,FW,Leicester City,2,0,36,0.4,0,1,0,0,0,0,0,0,2.5,2.5,0,2.5,0.1,0.1,0.1,0.2,0.22,0.26,0.48,0.22,0.48
Danny Ings,FW,Aston Villa,3,2,167,1.9,1,0,1,0,0,2,0,0.54,0,0.54,0.54,0.54,0.4,0.4,0,0.5,0.23,0.02,0.24,0.23,0.24
Alex Iwobi,MF,Everton,3,3,270,3,0,0,0,0,0,1,0,0,0,0,0,0,0,0,0.5,0.6,0.01,0.18,0.19,0.01,0.19
Daniel James,FW,Leeds United,2,1,125,1.4,0,0,0,0,0,0,0,0,0,0,0,0,0.1,0.1,0.3,0.4,0.07,0.2,0.28,0.07,0.28
Reece James,DF,Chelsea,3,3,270,3,1,0,1,0,0,2,0,0.33,0,0.33,0.33,0.33,0.5,0.5,0.4,0.9,0.16,0.12,0.29,0.16,0.29
Vitaly Janelt,MFDF,Brentford,3,1,150,1.7,0,0,0,0,0,0,0,0,0,0,0,0,0.1,0.1,0.1,0.2,0.04,0.07,0.11,0.04,0.11
Pontus Jansson,DF,Brentford,3,3,270,3,0,0,0,0,0,0,0,0,0,0,0,0,0,0,0,0,0,0,0,0,0
Mathias Jensen,MF,Brentford,3,3,190,2.1,1,2,1,0,0,0,0,0.47,0.95,1.42,0.47,1.42,0.3,0.3,0.2,0.5,0.12,0.1,0.22,0.12,0.22
Gabriel Jesus,FW,Arsenal,3,3,255,2.8,2,3,2,0,0,1,0,0.71,1.06,1.76,0.71,1.76,1.7,1.7,0.9,2.6,0.58,0.32,0.91,0.58,0.91
Raúl Jiménez,FW,Wolves,1,0,32,0.4,0,0,0,0,0,0,0,0,0,0,0,0,0,0,0,0,0,0,0,0,0
Joelinton,MF,Newcastle Utd,3,3,270,3,0,1,0,0,0,2,0,0,0.33,0.33,0,0.33,0.3,0.3,0.3,0.6,0.12,0.1,0.21,0.12,0.21
Ben Johnson,DF,West Ham,3,2,196,2.2,0,0,0,0,0,0,0,0,0,0,0,0,0,0,0.1,0.1,0,0.03,0.03,0,0.03
Brennan Johnson,FW,Nott'ham Forest,3,3,270,3,1,0,1,0,0,1,0,0.33,0,0.33,0.33,0.33,0.4,0.4,0,0.4,0.13,0,0.13,0.13,0.13
Jorginho,MF,Chelsea,3,3,224,2.5,1,0,0,1,1,0,0,0.4,0,0.4,0,0,0.8,0,0.1,0.2,0.33,0.06,0.39,0.02,0.08
James Justin,DF,Leicester City,3,3,270,3,0,0,0,0,0,0,0,0,0,0,0,0,0,0,0,0,0,0.01,0.01,0,0.01
Boubacar Kamara,MF,Aston Villa,3,3,261,2.9,0,0,0,0,0,0,0,0,0,0,0,0,0,0,0,0,0.01,0.01,0.01,0.01,0.01
Harry Kane,FW,Tottenham,3,3,270,3,2,0,2,0,0,1,0,0.67,0,0.67,0.67,0.67,1.7,1.7,0.5,2.2,0.55,0.17,0.72,0.55,0.72
N'Golo Kanté,MF,Chelsea,2,2,174,1.9,0,0,0,0,0,0,0,0,0,0,0,0,0.1,0.1,0.2,0.3,0.05,0.1,0.16,0.05,0.16
Neeskens Kebano,FW,Fulham,2,2,147,1.6,0,0,0,0,0,0,0,0,0,0,0,0,0.1,0.1,0.1,0.2,0.04,0.05,0.09,0.04,0.09
Thilo Kehrer,DF,West Ham,1,1,90,1,0,0,0,0,0,1,0,0,0,0,0,0,0,0,0,0,0,0,0,0,0
Lloyd Kelly,DF,Bournemouth,3,3,270,3,0,1,0,0,0,0,0,0,0.33,0.33,0,0.33,0,0,0,0,0,0.01,0.01,0,0.01
Max Kilman,DF,Wolves,3,3,270,3,0,0,0,0,0,0,0,0,0,0,0,0,0.1,0.1,0,0.1,0.03,0,0.03,0.03,0.03
Mateusz Klich,MF,Leeds United,3,0,41,0.5,0,0,0,0,0,0,0,0,0,0,0,0,0,0,0.1,0.1,0,0.25,0.25,0,0.25
Robin Koch,DF,Leeds United,3,3,270,3,0,0,0,0,0,0,0,0,0,0,0,0,0,0,0,0,0.01,0,0.01,0.01,0.01
Ezri Konsa,DF,Aston Villa,3,2,181,2,0,0,0,0,0,0,0,0,0,0,0,0,0.1,0.1,0,0.1,0.07,0,0.07,0.07,0.07
Kalidou Koulibaly,DF,Chelsea,3,3,247,2.7,1,0,1,0,0,2,1,0.36,0,0.36,0.36,0.36,0.2,0.2,0,0.2,0.09,0,0.09,0.09,0.09
Cheikhou Kouyaté,MF,Nott'ham Forest,1,0,7,0.1,0,0,0,0,0,0,0,0,0,0,0,0,0,0,0,0,0,0,0,0,0
Emil Krafth,DF,Newcastle Utd,1,0,1,0,0,0,0,0,0,0,0,0,0,0,0,0,0,0,0,0,0,0,0,0,0
Dejan Kulusevski,MFFW,Tottenham,3,3,260,2.9,1,1,1,0,0,0,0,0.35,0.35,0.69,0.35,0.69,0.2,0.2,0.7,0.8,0.06,0.23,0.29,0.06,0.29
Adam Lallana,MF,Brighton,3,3,201,2.2,0,0,0,0,0,0,0,0,0,0,0,0,0.3,0.3,0.2,0.5,0.14,0.08,0.22,0.14,0.22
Tariq Lamptey,DF,Brighton,2,0,32,0.4,0,0,0,0,0,0,0,0,0,0,0,0,0,0,0,0,0,0,0,0,0
Manuel Lanzini,MFFW,West Ham,3,1,94,1,0,0,0,0,0,0,0,0,0,0,0,0,0.1,0.1,0,0.1,0.06,0,0.06,0.06,0.06
Roméo Lavia,MF,Southampton,3,3,270,3,0,0,0,0,0,1,0,0,0,0,0,0,0,0,0,0.1,0.02,0.01,0.03,0.02,0.03
Clément Lenglet,DF,Tottenham,1,0,5,0.1,0,0,0,0,0,0,0,0,0,0,0,0,0,0,0,0,0,0,0,0,0
Bernd Leno,GK,Fulham,1,1,90,1,0,0,0,0,0,0,0,0,0,0,0,0,0,0,0,0,0,0,0,0,0
Jefferson Lerma,DFMF,Bournemouth,3,3,270,3,1,0,1,0,0,0,0,0.33,0,0.33,0.33,0.33,0.2,0.2,0,0.2,0.08,0,0.08,0.08,0.08
Rico Lewis,DF,Manchester City,1,0,9,0.1,0,0,0,0,0,0,0,0,0,0,0,0,0,0,0,0,0,0,0,0,0
Keane Lewis-Potter,FWMF,Brentford,2,0,63,0.7,0,0,0,0,0,0,0,0,0,0,0,0,0.1,0.1,0.7,0.8,0.12,1,1.12,0.12,1.12
Jesse Lingard,MF,Nott'ham Forest,3,3,263,2.9,0,0,0,0,0,0,0,0,0,0,0,0,0.2,0.2,0.2,0.4,0.08,0.07,0.14,0.08,0.14
Diego Llorente,DF,Leeds United,3,3,270,3,0,0,0,0,0,0,0,0,0,0,0,0,0.1,0.1,0,0.1,0.03,0,0.03,0.03,0.03
Hugo Lloris,GK,Tottenham,3,3,270,3,0,0,0,0,0,0,0,0,0,0,0,0,0,0,0,0,0,0,0,0,0
Ruben Loftus-Cheek,DFMF,Chelsea,3,2,206,2.3,0,0,0,0,0,0,0,0,0,0,0,0,0.2,0.2,0.3,0.4,0.07,0.11,0.18,0.07,0.18
Sean Longstaff,MF,Newcastle Utd,3,0,47,0.5,0,0,0,0,0,0,0,0,0,0,0,0,0,0,0.2,0.2,0,0.3,0.3,0,0.3
Jamal Lowe,FW,Bournemouth,1,0,1,0,0,0,0,0,0,0,0,0,0,0,0,0,0,0,0,0,0,0,0,0,0
Douglas Luiz,MF,Aston Villa,2,0,27,0.3,0,0,0,0,0,1,0,0,0,0,0,0,0,0,0.2,0.3,0.13,0.81,0.94,0.13,0.94
Lyanco,MF,Southampton,1,0,3,0,0,0,0,0,0,0,0,0,0,0,0,0,0,0,0,0,0,0,0,0,0
Alexis Mac Allister,MF,Brighton,3,3,270,3,1,0,0,1,1,1,0,0.33,0,0.33,0,0,0.9,0.1,0,0.1,0.3,0,0.3,0.04,0.04
James Maddison,MF,Leicester City,3,3,270,3,2,1,2,0,0,1,0,0.67,0.33,1,0.67,1,0.5,0.5,0.3,0.8,0.17,0.09,0.26,0.17,0.26
Harry Maguire,DF,Manchester Utd,2,2,180,2,0,0,0,0,0,2,0,0,0,0,0,0,0.2,0.2,0,0.2,0.09,0.01,0.1,0.09,0.1
Riyad Mahrez,FW,Manchester City,2,1,93,1,0,0,0,0,0,0,0,0,0,0,0,0,0.1,0.1,0.2,0.3,0.09,0.19,0.28,0.09,0.28
Tyrell Malacia,DF,Manchester Utd,3,1,136,1.5,0,0,0,0,0,0,0,0,0,0,0,0,0,0,0,0,0.02,0,0.02,0.02,0.02
Orel Mangala,MF,Nott'ham Forest,3,2,153,1.7,0,0,0,0,0,0,0,0,0,0,0,0,0.1,0.1,0,0.1,0.05,0.02,0.06,0.05,0.06
Sekou Mara,FWMF,Southampton,2,1,79,0.9,0,1,0,0,0,0,0,0,1.14,1.14,0,1.14,0.1,0.1,0.2,0.3,0.1,0.19,0.29,0.1,0.29
Solly March,DFMF,Brighton,3,3,247,2.7,0,0,0,0,0,1,0,0,0,0,0,0,0.5,0.5,0.2,0.7,0.18,0.07,0.25,0.18,0.25
Anthony Martial,FW,Manchester Utd,1,0,45,0.5,0,1,0,0,0,0,0,0,2,2,0,2,0,0,0.4,0.4,0,0.88,0.88,0,0.88
Martinelli,FW,Arsenal,3,3,253,2.8,2,0,2,0,0,0,0,0.71,0,0.71,0.71,0.71,1.1,1.1,0.6,1.7,0.41,0.21,0.62,0.41,0.62
Emiliano Martínez,GK,Aston Villa,3,3,270,3,0,0,0,0,0,0,0,0,0,0,0,0,0,0,0,0,0,0,0,0,0
Lisandro Martínez,DF,Manchester Utd,3,3,225,2.5,0,0,0,0,0,1,0,0,0,0,0,0,0.2,0.2,0,0.2,0.08,0,0.08,0.08,0.08
Jean-Philippe Mateta,FW,Crystal Palace,2,0,54,0.6,1,0,1,0,0,0,0,1.67,0,1.67,1.67,1.67,0.6,0.6,0,0.6,0.96,0,0.96,0.96,0.96
Joël Matip,DF,Liverpool,1,1,90,1,0,0,0,0,0,0,0,0,0,0,0,0,0,0,0,0,0,0,0,0,0
Kevin Mbabu,DF,Fulham,2,0,15,0.2,0,1,0,0,0,1,0,0,6,6,0,6,0,0,0.3,0.3,0,1.65,1.65,0,1.65
Bryan Mbeumo,FWDF,Brentford,3,3,252,2.8,1,0,1,0,0,0,0,0.36,0,0.36,0.36,0.36,0.8,0.8,0.3,1.1,0.29,0.12,0.41,0.29,0.41
John McGinn,MF,Aston Villa,3,3,252,2.8,0,0,0,0,0,1,0,0,0,0,0,0,0.1,0.1,0.2,0.3,0.05,0.06,0.11,0.05,0.11
Scott McKenna,DF,Nott'ham Forest,3,3,270,3,0,0,0,0,0,1,0,0,0,0,0,0,0,0,0,0,0,0,0,0,0
Dwight McNeil,FW,Everton,3,2,157,1.7,0,0,0,0,0,0,0,0,0,0,0,0,0.2,0.2,0.1,0.3,0.09,0.07,0.16,0.09,0.16
Scott McTominay,MF,Manchester Utd,3,2,212,2.4,0,0,0,0,0,2,0,0,0,0,0,0,0.1,0.1,0,0.1,0.02,0,0.02,0.02,0.02
Ben Mee,DF,Brentford,3,3,238,2.6,1,0,1,0,0,1,0,0.38,0,0.38,0.38,0.38,0.9,0.9,0,0.9,0.33,0,0.33,0.33,0.33
Edouard Mendy,GK,Chelsea,3,3,270,3,0,0,0,0,0,1,0,0,0,0,0,0,0,0,0,0,0,0,0,0,0
Chris Mepham,DF,Bournemouth,3,3,270,3,0,0,0,0,0,1,0,0,0,0,0,0,0,0,0,0,0.01,0,0.01,0.01,0.01
Illan Meslier,GK,Leeds United,3,3,270,3,0,0,0,0,0,0,0,0,0,0,0,0,0,0,0,0,0,0,0,0,0
Alexander Mighten,FW,Nott'ham Forest,1,0,8,0.1,0,0,0,0,0,0,0,0,0,0,0,0,0,0,0,0,0,0,0,0,0
Luka Milivojević,MF,Crystal Palace,3,0,37,0.4,0,0,0,0,0,0,0,0,0,0,0,0,0,0,0,0,0,0,0,0,0
James Milner,MF,Liverpool,3,2,166,1.8,0,1,0,0,0,0,0,0,0.54,0.54,0,0.54,0.3,0.3,0.7,1,0.16,0.36,0.52,0.16,0.52
Yerry Mina,DF,Everton,1,1,69,0.8,0,0,0,0,0,1,0,0,0,0,0,0,0,0,0,0,0,0,0,0,0
Tyrone Mings,DF,Aston Villa,2,2,180,2,0,0,0,0,0,0,0,0,0,0,0,0,0,0,0,0,0,0,0,0,0
Tyrick Mitchell,DF,Crystal Palace,3,3,258,2.9,0,1,0,0,0,0,0,0,0.35,0.35,0,0.35,0,0,0.3,0.3,0,0.12,0.12,0,0.12
Kaoru Mitoma,DF,Brighton,2,0,17,0.2,0,0,0,0,0,0,0,0,0,0,0,0,0,0,0.2,0.2,0,1.02,1.02,0,1.02
Aleksandar Mitrović,FW,Fulham,3,3,269,3,3,0,2,1,2,1,0,1,0,1,0.67,0.67,3,1.5,0,1.5,1.01,0.01,1.02,0.49,0.5
Kieffer Moore,FW,Bournemouth,3,3,269,3,1,0,1,0,0,0,0,0.33,0,0.33,0.33,0.33,0.1,0.1,0.1,0.2,0.04,0.02,0.06,0.04,0.06
Mason Mount,MFFW,Chelsea,3,3,230,2.6,0,0,0,0,0,0,0,0,0,0,0,0,0.4,0.4,0.2,0.7,0.17,0.09,0.27,0.17,0.27
Lucas Moura,DFFW,Tottenham,2,0,14,0.2,0,0,0,0,0,0,0,0,0,0,0,0,0,0,0,0,0,0,0,0,0
João Moutinho,MF,Wolves,1,1,57,0.6,0,0,0,0,0,0,0,0,0,0,0,0,0,0,0.1,0.1,0,0.13,0.13,0,0.13
Jacob Murphy,FW,Newcastle Utd,3,0,25,0.3,0,0,0,0,0,0,0,0,0,0,0,0,0,0,0,0,0,0,0,0,0
Enock Mwepu,MFFW,Brighton,3,0,47,0.5,0,0,0,0,0,0,0,0,0,0,0,0,0,0,0.2,0.2,0,0.32,0.32,0,0.32
Vitaliy Mykolenko,DF,Everton,3,3,270,3,0,0,0,0,0,1,0,0,0,0,0,0,0,0,0.3,0.3,0.01,0.1,0.11,0.01,0.11
Wilfred Ndidi,MF,Leicester City,3,3,270,3,0,0,0,0,0,0,0,0,0,0,0,0,0,0,0,0,0,0,0,0,0
Pedro Neto,FWDF,Wolves,3,3,238,2.6,0,0,0,0,0,0,0,0,0,0,0,0,0.1,0.1,0.2,0.3,0.05,0.06,0.11,0.05,0.11
Rúben Neves,MF,Wolves,3,3,270,3,0,0,0,0,0,1,0,0,0,0,0,0,0.2,0.2,0.4,0.6,0.06,0.13,0.19,0.06,0.19
Moussa Niakhate,DF,Nott'ham Forest,2,2,160,1.8,0,0,0,0,0,0,0,0,0,0,0,0,0.5,0.5,0,0.5,0.26,0,0.26,0.26,0.26
Rasmus Nissen,DF,Leeds United,3,3,270,3,0,0,0,0,0,1,0,0,0,0,0,0,0.4,0.4,0.1,0.4,0.13,0.02,0.15,0.13,0.15
Eddie Nketiah,FW,Arsenal,3,0,32,0.4,0,0,0,0,0,0,0,0,0,0,0,0,0.3,0.3,0.2,0.5,0.97,0.48,1.45,0.97,1.45
Christian Nørgaard,MF,Brentford,3,3,241,2.7,1,0,1,0,0,0,0,0.37,0,0.37,0.37,0.37,0.1,0.1,0,0.2,0.04,0.02,0.06,0.04,0.06
Matheus Nunes,MF,Wolves,1,1,90,1,0,0,0,0,0,0,0,0,0,0,0,0,0.1,0.1,0,0.2,0.14,0.03,0.17,0.14,0.17
Darwin Núñez,FW,Liverpool,2,1,96,1.1,1,1,1,0,0,0,1,0.94,0.94,1.87,0.94,1.87,1.6,1.6,0.7,2.3,1.47,0.65,2.12,1.47,2.12
Lewis O'Brien,MF,Nott'ham Forest,3,3,254,2.8,0,0,0,0,0,1,0,0,0,0,0,0,0.1,0.1,0.1,0.2,0.03,0.04,0.06,0.03,0.06
Martin Ødegaard,MF,Arsenal,3,3,252,2.8,2,0,2,0,0,0,0,0.71,0,0.71,0.71,0.71,1,1,0.1,1,0.35,0.02,0.37,0.35,0.37
Michael Olise,FW,Crystal Palace,2,0,24,0.3,0,0,0,0,0,0,0,0,0,0,0,0,0,0,0,0,0,0.18,0.18,0,0.18
Amadou Onana,MF,Everton,2,0,44,0.5,0,0,0,0,0,1,0,0,0,0,0,0,0.1,0.1,0,0.1,0.25,0,0.25,0.25,0.25
Frank Onyeka,MF,Brentford,1,0,11,0.1,0,0,0,0,0,0,0,0,0,0,0,0,0,0,0,0,0,0,0,0,0
João Palhinha,MF,Fulham,3,3,270,3,1,0,1,0,0,2,0,0.33,0,0.33,0.33,0.33,0.1,0.1,0,0.1,0.05,0,0.05,0.05,0.05
Cole Palmer,MF,Manchester City,1,0,3,0,0,0,0,0,0,0,0,0,0,0,0,0,0,0,0,0,0,0,0,0,0
Thomas Partey,MF,Arsenal,3,3,270,3,0,0,0,0,0,0,0,0,0,0,0,0,0.3,0.3,0,0.3,0.11,0,0.11,0.11,0.11
Nathan Patterson,DF,Everton,3,3,270,3,0,0,0,0,0,0,0,0,0,0,0,0,0.1,0.1,0.1,0.2,0.03,0.03,0.06,0.03,0.06
Ben Pearson,MF,Bournemouth,3,3,206,2.3,0,0,0,0,0,1,0,0,0,0,0,0,0,0,0,0,0.02,0,0.02,0.02,0.02
Andreas Pereira,MF,Fulham,3,3,263,2.9,0,1,0,0,0,0,0,0,0.34,0.34,0,0.34,0.2,0.2,0.5,0.7,0.05,0.17,0.23,0.05,0.23
Ayoze Pérez,MF,Leicester City,1,1,64,0.7,0,0,0,0,0,0,0,0,0,0,0,0,0,0,0.1,0.1,0.07,0.09,0.16,0.07,0.16
Ivan Perišić,DF,Tottenham,3,1,112,1.2,0,2,0,0,0,0,0,0,1.61,1.61,0,1.61,0,0,1.3,1.3,0,1.01,1.01,0,1.01
Romain Perraud,DF,Southampton,1,0,19,0.2,0,0,0,0,0,0,0,0,0,0,0,0,0.1,0.1,0,0.1,0.42,0,0.42,0.42,0.42
Kalvin Phillips,MF,Manchester City,1,0,2,0,0,0,0,0,0,0,0,0,0,0,0,0,0,0,0,0,0,0,0,0,0
Nathaniel Phillips,DF,Liverpool,1,1,62,0.7,0,0,0,0,0,0,0,0,0,0,0,0,0.1,0.1,0,0.1,0.08,0,0.08,0.08,0.08
Jordan Pickford,GK,Everton,3,3,270,3,0,1,0,0,0,0,0,0,0.33,0.33,0,0.33,0,0,0.6,0.6,0,0.19,0.19,0,0.19
Daniel Podence,MFFW,Wolves,3,3,238,2.6,1,0,1,0,0,1,0,0.38,0,0.38,0.38,0.38,0.5,0.5,0.3,0.8,0.18,0.13,0.31,0.18,0.31
Nick Pope,GK,Newcastle Utd,3,3,270,3,0,0,0,0,0,0,0,0,0,0,0,0,0,0,0,0,0,0,0,0,0
Dennis Praet,MF,Leicester City,1,0,28,0.3,0,0,0,0,0,0,0,0,0,0,0,0,0,0,0,0,0,0,0,0,0
Christian Pulisic,MFFW,Chelsea,3,0,60,0.7,0,0,0,0,0,0,0,0,0,0,0,0,0.1,0.1,0,0.1,0.13,0,0.13,0.13,0.13
Aaron Ramsdale,GK,Arsenal,3,3,270,3,0,0,0,0,0,0,0,0,0,0,0,0,0,0,0,0,0,0,0,0,0
Jacob Ramsey,MF,Aston Villa,3,3,224,2.5,0,0,0,0,0,1,0,0,0,0,0,0,0.1,0.1,0.2,0.3,0.03,0.08,0.1,0.03,0.1
Marcus Rashford,FW,Manchester Utd,3,3,265,2.9,1,0,1,0,0,1,0,0.34,0,0.34,0.34,0.34,1,1,0.1,1.1,0.34,0.05,0.38,0.34,0.38
David Raya,GK,Brentford,3,3,270,3,0,0,0,0,0,0,0,0,0,0,0,0,0,0,0,0,0,0,0,0,0
Tim Ream,DF,Fulham,3,3,270,3,0,0,0,0,0,0,0,0,0,0,0,0,0.1,0.1,0,0.1,0.03,0,0.03,0.03,0.03
Nathan Redmond,DF,Southampton,1,0,1,0,0,0,0,0,0,0,0,0,0,0,0,0,0,0,0,0,0,0,0,0,0
Harrison Reed,MF,Fulham,3,3,270,3,0,0,0,0,0,1,0,0,0,0,0,0,0.2,0.2,0.1,0.3,0.08,0.03,0.11,0.08,0.11
Bobby Reid,FW,Fulham,3,3,268,3,1,0,1,0,0,1,0,0.34,0,0.34,0.34,0.34,0.5,0.5,0.1,0.6,0.17,0.03,0.2,0.17,0.2
Declan Rice,MF,West Ham,3,3,270,3,0,0,0,0,1,1,0,0,0,0,0,0,0.9,0.1,0.1,0.2,0.3,0.02,0.32,0.04,0.06
Chris Richards,DF,Crystal Palace,2,0,13,0.1,0,0,0,0,0,0,0,0,0,0,0,0,0,0,0,0,0.33,0,0.33,0.33,0.33
Richarlison,MFFW,Tottenham,2,0,49,0.5,0,0,0,0,0,0,0,0,0,0,0,0,0.1,0.1,0,0.1,0.21,0,0.21,0.21,0.21
Andrew Robertson,DF,Liverpool,3,3,236,2.6,0,0,0,0,0,0,0,0,0,0,0,0,0.1,0.1,0.2,0.2,0.02,0.07,0.09,0.02,0.09
Antonee Robinson,DF,Fulham,3,3,270,3,0,0,0,0,0,0,0,0,0,0,0,0,0,0,0.2,0.2,0.01,0.06,0.07,0.01,0.07
Marc Roca,MF,Leeds United,3,3,219,2.4,0,0,0,0,0,0,0,0,0,0,0,0,0,0,0,0.1,0,0.02,0.02,0,0.02
Marek Rodák,GK,Fulham,2,2,180,2,0,0,0,0,0,0,0,0,0,0,0,0,0,0,0,0,0,0,0,0,0
Rodri,MF,Manchester City,3,3,268,3,0,1,0,0,0,0,0,0,0.34,0.34,0,0.34,0.3,0.3,0.2,0.5,0.1,0.07,0.17,0.1,0.17
Rodrigo,FWMF,Leeds United,3,3,236,2.6,4,1,4,0,0,0,0,1.53,0.38,1.91,1.53,1.91,1.8,1.8,0.7,2.4,0.67,0.25,0.92,0.67,0.92
Mads Roerslev,DF,Brentford,1,1,90,1,0,0,0,0,0,0,0,0,0,0,0,0,0,0,0,0,0,0,0,0,0
Cristian Romero,DF,Tottenham,2,2,180,2,0,0,0,0,0,0,0,0,0,0,0,0,0.2,0.2,0,0.2,0.08,0,0.08,0.08,0.08
Oriol Romeu,MF,Southampton,1,1,74,0.8,0,0,0,0,0,0,0,0,0,0,0,0,0,0,0,0,0,0,0,0,0
Cristiano Ronaldo,FW,Manchester Utd,3,1,133,1.5,0,0,0,0,0,0,0,0,0,0,0,0,0.4,0.4,0.1,0.5,0.26,0.1,0.36,0.26,0.36
Salomón Rondón,FW,Everton,2,1,83,0.9,0,0,0,0,0,0,0,0,0,0,0,0,0.7,0.7,0,0.7,0.76,0.03,0.79,0.76,0.79
José Sá,GK,Wolves,3,3,270,3,0,0,0,0,0,0,0,0,0,0,0,0,0,0,0,0,0,0,0,0,0
Allan Saint-Maximin,FW,Newcastle Utd,3,3,253,2.8,0,2,0,0,0,1,0,0,0.71,0.71,0,0.71,0.7,0.7,0.9,1.7,0.26,0.33,0.59,0.26,0.59
Bukayo Saka,FW,Arsenal,3,3,260,2.9,0,0,0,0,0,0,0,0,0,0,0,0,0.3,0.3,0.4,0.6,0.09,0.13,0.22,0.09,0.22
Mohamed Salah,FW,Liverpool,3,3,270,3,2,0,2,0,0,0,0,0.67,0,0.67,0.67,0.67,0.9,0.9,1.1,2,0.31,0.36,0.68,0.31,0.68
William Saliba,DF,Arsenal,3,3,270,3,1,0,1,0,0,0,0,0.33,0,0.33,0.33,0.33,0.1,0.1,0,0.1,0.02,0,0.02,0.02,0.02
Mohammed Salisu,DF,Southampton,3,3,270,3,0,0,0,0,0,1,0,0,0,0,0,0,0.1,0.1,0.1,0.2,0.04,0.02,0.06,0.04,0.06
Albert Sambi Lokonga,MF,Arsenal,2,0,4,0,0,0,0,0,0,0,0,0,0,0,0,0,0,0,0,0,0,0,0,0,0
Davinson Sánchez,DF,Tottenham,1,1,90,1,0,0,0,0,0,0,0,0,0,0,0,0,0.1,0.1,0,0.1,0.14,0,0.14,0.14,0.14
Robert Sánchez,GK,Brighton,3,3,270,3,0,0,0,0,0,0,0,0,0,0,0,0,0,0,0,0,0,0,0,0,0
Jadon Sancho,FW,Manchester Utd,3,3,218,2.4,1,0,1,0,0,0,0,0.41,0,0.41,0.41,0.41,0.3,0.3,0.4,0.7,0.14,0.16,0.29,0.14,0.29
Gianluca Scamacca,FW,West Ham,3,0,85,0.9,0,0,0,0,0,0,0,0,0,0,0,0,0,0,0.1,0.1,0.03,0.1,0.13,0.03,0.13
Fabian Schär,DF,Newcastle Utd,3,3,270,3,1,0,1,0,0,2,0,0.33,0,0.33,0.33,0.33,0.1,0.1,0,0.1,0.03,0,0.03,0.03,0.03
Jeffrey Schlupp,MF,Crystal Palace,3,3,253,2.8,0,0,0,0,0,1,0,0,0,0,0,0,0.4,0.4,0,0.4,0.13,0,0.13,0.13,0.13
Nélson Semedo,DF,Wolves,2,0,33,0.4,0,0,0,0,0,0,0,0,0,0,0,0,0,0,0,0,0.05,0.03,0.08,0.05,0.08
Marcos Senesi,DF,Bournemouth,2,1,56,0.6,0,0,0,0,0,0,0,0,0,0,0,0,0,0,0,0,0,0,0,0,0
Ryan Sessegnon,DF,Tottenham,3,2,136,1.5,1,0,1,0,0,1,0,0.66,0,0.66,0.66,0.66,0.3,0.3,0,0.3,0.22,0,0.22,0.22,0.22
Luke Shaw,DF,Manchester Utd,2,2,134,1.5,0,0,0,0,0,1,0,0,0,0,0,0,0.1,0.1,0.3,0.4,0.07,0.17,0.24,0.07,0.24
Bernardo Silva,FWMF,Manchester City,3,1,129,1.4,1,1,1,0,0,0,0,0.7,0.7,1.4,0.7,1.4,0.6,0.6,0.3,0.9,0.43,0.22,0.65,0.43,0.65
Thiago Silva,DF,Chelsea,3,3,270,3,0,0,0,0,0,0,0,0,0,0,0,0,0.1,0.1,0,0.1,0.02,0,0.02,0.02,0.02
Luis Sinisterra,FW,Leeds United,2,0,28,0.3,0,0,0,0,0,0,0,0,0,0,0,0,0,0,0,0,0,0,0,0,0
Adam Smith,DF,Bournemouth,3,3,270,3,0,0,0,0,0,3,0,0,0,0,0,0,0.1,0.1,0.1,0.2,0.03,0.03,0.06,0.03,0.06
Emile Smith Rowe,MFFW,Arsenal,2,0,24,0.3,0,0,0,0,0,0,0,0,0,0,0,0,0.1,0.1,0.4,0.5,0.29,1.53,1.82,0.29,1.82
Dominic Solanke,FW,Bournemouth,1,1,89,1,0,0,0,0,0,0,0,0,0,0,0,0,0.2,0.2,0,0.2,0.19,0,0.19,0.19,0.19
Manor Solomon,FW,Fulham,1,0,25,0.3,0,0,0,0,0,0,0,0,0,0,0,0,0,0,0,0,0,0,0,0,0
Tomáš Souček,MF,West Ham,3,3,270,3,0,0,0,0,0,0,0,0,0,0,0,0,1,1,0,1,0.33,0,0.33,0.33,0.33
Jack Stacey,DF,Bournemouth,1,1,90,1,0,0,0,0,0,1,0,0,0,0,0,0,0,0,0,0,0,0,0,0,0
Junior Stanislas,MF,Bournemouth,2,0,29,0.3,0,0,0,0,0,0,0,0,0,0,0,0,0,0,0,0,0.15,0,0.15,0.15,0.15
Jay Stansfield,FW,Fulham,2,1,84,0.9,0,0,0,0,0,0,0,0,0,0,0,0,0.3,0.3,0.1,0.3,0.28,0.08,0.36,0.28,0.36
Jack Stephens,DF,Southampton,2,0,46,0.5,0,0,0,0,0,0,0,0,0,0,0,0,0,0,0.1,0.1,0,0.15,0.15,0,0.15
Raheem Sterling,FWMF,Chelsea,3,3,259,2.9,0,1,0,0,0,1,0,0,0.35,0.35,0,0.35,0.7,0.7,0.6,1.2,0.23,0.19,0.42,0.23,0.42
John Stones,DF,Manchester City,2,1,117,1.3,0,0,0,0,0,1,0,0,0,0,0,0,0,0,0,0,0,0,0,0,0
Pascal Struijk,DF,Leeds United,3,3,270,3,0,1,0,0,0,0,0,0,0.33,0.33,0,0.33,0.1,0.1,0,0.2,0.05,0.01,0.05,0.05,0.05
Crysencio Summerville,FW,Leeds United,1,0,7,0.1,0,0,0,0,0,0,0,0,0,0,0,0,0,0,0,0,0,0,0,0,0
Sam Surridge,FW,Nott'ham Forest,2,1,81,0.9,0,0,0,0,0,1,0,0,0,0,0,0,0.3,0.3,0,0.3,0.29,0,0.29,0.29,0.29
Matt Targett,DF,Newcastle Utd,1,1,90,1,0,0,0,0,0,0,0,0,0,0,0,0,0,0,0.1,0.1,0,0.11,0.11,0,0.11
James Tarkowski,DF,Everton,3,3,270,3,0,0,0,0,0,0,0,0,0,0,0,0,0.2,0.2,0.1,0.3,0.06,0.04,0.1,0.06,0.1
Marcus Tavernier,FWMF,Bournemouth,3,3,254,2.8,0,0,0,0,0,0,0,0,0,0,0,0,0.1,0.1,0.1,0.3,0.05,0.05,0.09,0.05,0.09
Kenny Tete,DF,Fulham,3,3,255,2.8,0,1,0,0,0,2,0,0,0.35,0.35,0,0.35,0,0,0.1,0.1,0,0.05,0.05,0,0.05
Youri Tielemans,MF,Leicester City,3,2,178,2,0,0,0,0,0,0,0,0,0,0,0,0,0.1,0.1,0.1,0.2,0.06,0.03,0.09,0.06,0.09
Kieran Tierney,DFFW,Arsenal,3,0,25,0.3,0,0,0,0,0,0,0,0,0,0,0,0,0,0,0,0,0,0,0,0,0
Harry Toffolo,DF,Nott'ham Forest,3,3,270,3,0,0,0,0,0,0,0,0,0,0,0,0,0.1,0.1,0.4,0.5,0.04,0.12,0.16,0.04,0.16
Takehiro Tomiyasu,DF,Arsenal,2,0,32,0.4,0,0,0,0,0,1,0,0,0,0,0,0,0,0,0,0,0,0,0,0,0
Ivan Toney,FW,Brentford,3,3,270,3,2,2,2,0,0,0,0,0.67,0.67,1.33,0.67,1.33,0.9,0.9,1.4,2.3,0.3,0.47,0.77,0.3,0.77
Adama Traoré,DFFW,Wolves,2,0,32,0.4,0,0,0,0,0,0,0,0,0,0,0,0,0,0,0,0,0,0,0,0,0
Mark Travers,GK,Bournemouth,3,3,270,3,0,0,0,0,0,0,0,0,0,0,0,0,0,0,0,0,0,0,0,0,0
Kieran Trippier,DF,Newcastle Utd,3,3,270,3,1,0,1,0,0,1,0,0.33,0,0.33,0.33,0.33,0.1,0.1,0.4,0.4,0.03,0.12,0.14,0.03,0.14
Leandro Trossard,DFFW,Brighton,3,3,237,2.6,1,0,1,0,0,1,0,0.38,0,0.38,0.38,0.38,0.6,0.6,0.2,0.8,0.25,0.07,0.31,0.25,0.31
Kostas Tsimikas,DF,Liverpool,2,0,34,0.4,0,0,0,0,0,1,0,0,0,0,0,0,0,0,0,0,0.03,0,0.03,0.03,0.03
Deniz Undav,FW,Brighton,1,0,1,0,0,0,0,0,0,0,0,0,0,0,0,0,0,0,0,0,0,0,0,0,0
Yan Valery,DF,Southampton,1,1,45,0.5,0,0,0,0,0,0,0,0,0,0,0,0,0,0,0,0,0,0,0,0,0
Virgil van Dijk,DF,Liverpool,3,3,270,3,0,0,0,0,0,0,0,0,0,0,0,0,0,0,0,0,0,0,0,0,0
Raphaël Varane,DF,Manchester Utd,2,1,135,1.5,0,0,0,0,0,1,0,0,0,0,0,0,0,0,0,0,0,0.03,0.03,0,0.03
Jamie Vardy,FW,Leicester City,3,3,223,2.5,0,1,0,0,0,0,0,0,0.4,0.4,0,0.4,0,0,0.4,0.4,0.02,0.14,0.16,0.02,0.16
Joël Veltman,DF,Brighton,3,3,270,3,0,0,0,0,0,0,0,0,0,0,0,0,0.1,0.1,0,0.1,0.02,0,0.03,0.02,0.03
Rúben Vinagre,DF,Everton,1,0,21,0.2,0,0,0,0,0,0,0,0,0,0,0,0,0,0,0,0,0,0,0,0,0
Kyle Walker,DF,Manchester City,3,3,261,2.9,0,0,0,0,0,0,0,0,0,0,0,0,0,0,0,0,0,0.01,0.01,0,0.01
Kyle Walker-Peters,DF,Southampton,3,3,269,3,1,0,1,0,0,0,0,0.33,0,0.33,0.33,0.33,0.2,0.2,0.1,0.4,0.08,0.04,0.12,0.08,0.12
Aaron Wan-Bissaka,DF,Manchester Utd,1,0,5,0.1,0,0,0,0,0,0,0,0,0,0,0,0,0,0,0,0,0,0,0,0,0
Danny Ward,GK,Leicester City,3,3,270,3,0,0,0,0,0,0,0,0,0,0,0,0,0,0,0,0,0,0,0,0,0
Joel Ward,DF,Crystal Palace,2,2,180,2,0,0,0,0,0,1,0,0,0,0,0,0,0,0,0,0,0,0,0,0,0
James Ward-Prowse,MF,Southampton,3,3,270,3,1,1,1,0,0,0,0,0.33,0.33,0.67,0.33,0.67,0.1,0.1,0.4,0.6,0.04,0.15,0.19,0.04,0.19
Ollie Watkins,FW,Aston Villa,3,2,205,2.3,1,2,1,0,0,0,0,0.44,0.88,1.32,0.44,1.32,0.8,0.8,1.1,1.9,0.35,0.47,0.82,0.35,0.82
Adam Webster,DF,Brighton,3,3,270,3,0,0,0,0,0,0,0,0,0,0,0,0,0.1,0.1,0,0.1,0.04,0,0.04,0.04,0.04
Danny Welbeck,FW,Brighton,3,3,269,3,0,1,0,0,0,0,0,0,0.33,0.33,0,0.33,0.4,0.4,0.6,0.9,0.13,0.19,0.32,0.13,0.32
Ben White,DF,Arsenal,3,3,238,2.6,0,0,0,0,0,1,0,0,0,0,0,0,0,0,0.1,0.1,0,0.03,0.03,0,0.03
Neco Williams,DF,Nott'ham Forest,3,3,270,3,0,0,0,0,0,2,0,0,0,0,0,0,0.3,0.3,0.7,1,0.1,0.23,0.33,0.1,0.33
Joe Willock,MF,Newcastle Utd,3,3,223,2.5,0,0,0,0,0,0,0,0,0,0,0,0,0.3,0.3,0.2,0.5,0.12,0.08,0.2,0.12,0.2
Callum Wilson,FW,Newcastle Utd,3,3,243,2.7,2,0,2,0,0,0,0,0.74,0,0.74,0.74,0.74,1.2,1.2,0.2,1.4,0.46,0.06,0.51,0.46,0.51
Yoane Wissa,FW,Brentford,3,2,182,2,0,1,0,0,0,0,0,0,0.49,0.49,0,0.49,0.3,0.3,0,0.3,0.13,0,0.13,0.13,0.13
Chris Wood,FW,Newcastle Utd,3,0,27,0.3,0,0,0,0,0,0,0,0,0,0,0,0,0,0,0,0,0,0,0,0,0
Joe Worrall,DF,Nott'ham Forest,3,3,270,3,0,0,0,0,0,2,0,0,0,0,0,0,0,0,0,0,0,0,0,0,0
Granit Xhaka,MF,Arsenal,3,3,267,3,1,2,1,0,0,1,0,0.34,0.67,1.01,0.34,1.01,0.6,0.6,0.3,0.8,0.2,0.09,0.28,0.2,0.28
Ryan Yates,MF,Nott'ham Forest,1,0,36,0.4,0,0,0,0,0,0,0,0,0,0,0,0,0.3,0.3,0,0.3,0.86,0,0.86,0.86,0.86
Ashley Young,DF,Aston Villa,1,0,1,0,0,0,0,0,0,1,0,0,0,0,0,0,0,0,0,0,0,0,0,0,0
Wilfried Zaha,FW,Crystal Palace,3,3,261,2.9,3,0,3,0,1,1,0,1.03,0,1.03,1.03,1.03,2.1,1.2,1.1,2.3,0.73,0.37,1.1,0.41,0.78
Jordan Zemura,DF,Bournemouth,2,2,180,2,0,0,0,0,0,1,0,0,0,0,0,0,0,0,0.1,0.1,0,0.07,0.07,0,0.07
Oleksandr Zinchenko,DF,Arsenal,3,3,248,2.8,0,1,0,0,0,0,0,0,0.36,0.36,0,0.36,0.1,0.1,0.3,0.4,0.05,0.09,0.14,0.05,0.14
Hakim Ziyech,MF,Chelsea,1,0,27,0.3,0,0,0,0,0,0,0,0,0,0,0,0,0,0,0,0.1,0.12,0.16,0.28,0.12,0.28
Kurt Zouma,DF,West Ham,3,3,270,3,0,0,0,0,0,0,0,0,0,0,0,0,0.2,0.2,0,0.2,0.07,0,0.07,0.07,0.07
